,name,id
0,Aksesuar,368
1,Ayakkabı,403
2,Giyim,522
3,Ev & Mobilya,758
4,Kozmetik & Kişisel Bakım,1070
5,Elektronik,1071
6,Süpermarket,1219
7,Yaşam,2859
8,Anne & Bebek & Çocuk,2862
9,Spor & Outdoor,3186
10,Ek Hizmetler,3981
11,Saat,387
12,Şapka,394
13,Takı & Mücevher,396
14,Çanta,435
15,Atkı & Bere & Eldiven,1162
16,Kemer & Pantolon Askısı,1165
17,Kravat & Kol Düğmesi,1166
18,Altın,1228
19,Diğer Aksesuar,2872
20,Şal & Fular & Eşarp,2875
21,Gözlük,2876
22,Saç Aksesuarı,2878
23,Aksesuar Set,3074
24,Saat Seti,3243
25,Gavroş,4527
26,Bot & Çizme,406
27,Sandalet ve Terlik,417
28,Spor Ayakkabı,420
29,Topuklu Ayakkabı,430
30,Ev Terliği & Botu,1170
31,Günlük Ayakkabı,1171
32,Ayakkabı Bakım Malzemeleri,3255
33,Abiye & Mezuniyet Elbisesi,543
34,Gelinlik,548
35,İç Giyim,549
36,Plaj Giyim,576
37,Takımlar,584
38,Takım Elbise,588
39,Kimono&Kaftan,607
40,Bebek Giyim,1179
41,Elbise,1182
42,Kostüm,1189
43,Salopet & Tulum,1192
44,Hamile Giyim,2269
45,Mezuniyet Elbisesi,2332
46,Tesettür Giyim,2729
47,Dış Giyim,2867
48,Alt Giyim,2869
49,Ev Giyim,2870
50,Üst Giyim,2871
51,Büyük Beden,2961
52,Fantezi Giyim,3095
53,İş Kıyafetleri,3914
54,Spor Tulum,4572
55,Smokin,5029
56,Banyo,452
57,Ev Dekorasyon,458
58,Ev Gereçleri,475
59,Ev Tekstili,476
60,Halı & Kilim & Paspas,484
61,Mobilya,503
62,Sofra & Mutfak,896
63,Elektrik & Aydınlatma,930
64,Perde,1847
65,Sanat Eseri,4530
66,Bebek & Çocuk Ev Ürünleri,4902
67,Makyaj,641
68,Ağız Bakım,1201
69,Cilt Bakım,1203
70,Kadın Hijyen,1204
71,Saç Bakım,1209
72,Parfüm ve Deodorant,2425
73,Diğer Kişisel Bakım Ürünleri,2428
74,"Tıraş, Ağda ve Epilasyon",2430
75,Elektrikli Ev Aletleri,464
76,Foto & Kamera,760
77,Oyun & Oyun Konsolları,786
78,Beyaz Eşya,1212
79,Bilgisayar ve Bileşenleri,1213
80,Giyilebilir Teknoloji,1215
81,Klima & Isıtıcı,1217
82,"TV, Görüntü & Ses Sistemleri",1221
83,Yazıcı & Tarayıcı,1222
84,Kişisel Bakım Aletleri,2373
85,Dijital Kod & Ürünler,2997
86,Elektronik Aksesuarlar,4938
87,Tablet Grubu,5249
88,Telefon,5250
89,Pet Shop,1028
90,Ev Bakım ve Temizlik,1382
91,Ev Tüketim Malzemeleri,1383
92,Gıda & İçecek,1385
93,Sağlık,2377
94,Anne ve Bebek Bakım,2861
95,Kişisel Bakım,2901
96,Hobi & Eğlence,685
97,Kitap,687
98,Otomobil & Motosiklet,790
99,Kırtasiye & Ofis Malzemeleri,1216
100,Bahçe ve Yapı Market,2469
101,Çocuk Gereçleri,674
102,Oyuncak,1010
103,Bebek Hediyelik,2164
104,Anne Bebek Ürünleri,5216
105,Ekipman & Aksesuar,1038
106,Spor Giyim,3187
107,Acil Durum & Güvenlik Ekipman,3825
108,Montaj Hizmeti,3982
109,Sigorta Hizmeti,4595
110,Eğitim Hizmeti,5193
111,Bileklik,397
112,Kolye,399
113,Küpe,400
114,Yüzük,401
115,Şahmeran,724
116,Halhal & Ayak Aksesuarları,725
117,Vücut Aksesuarları,726
118,Choker,968
119,Set & Takım,1263
120,Bilezik,2253
121,Hızma,3077
122,Piercing,3078
123,Kıkırdak Küpe,3415
124,İnci Set Takım,5209
125,Charm,5244
126,Charm Taşıyıcı,5245
127,Kolye Ucu,5246
128,Abiye Çanta,436
129,Laptop & Evrak Çantası,444
130,Portföy & Clutch Çanta,446
131,Postacı Çantası,447
132,Sırt Çantası,448
133,Spor Çantası,449
134,Valiz & Bavul,450
135,Plaj Çantası,969
136,Omuz Çantası,971
137,Beslenme Çantası,973
138,Okul Çantası,974
139,Bel Çantası,1784
140,Cüzdan,1806
141,Kartlık,1807
142,Çanta Aksesuarları,1855
143,El Çantası,2197
144,Valiz Kılıfı,2955
145,Atkı,382
146,Bere,384
147,Eldiven,385
148,Boyunluk,962
149,Atkı & Bere & Eldiven Set,1805
150,Atkı & Bere Takımı,3185
151,Kemer,380
152,Pantolon Askısı,1799
153,Kol Düğmesi,371
154,Mendil,373
155,Papyon,1797
156,Kravat,1798
157,Tam Altın,1229
158,Yarım Altın,1230
159,Çeyrek Altın,1231
160,Gram Altın,1232
161,Cumhuriyet Altını,1234
162,Reşat Altın,1236
163,Ata Altın,1237
164,Yatırımlık Altın Bilezik,3017
165,Gram Gümüş,4050
166,Diğer Aksesuarlar,369
167,Şemsiye,395
168,Duvak & Gelin Aksesuarı,1163
169,Tesbih,1823
170,Anahtarlık,2840
171,Geçici Dövme,2873
172,Broş,2874
173,Yaka İğnesi,2879
174,Peruk,3076
175,Rozet,3087
176,Ayakkabı Bağcığı,3261
177,Saat Kordonu,3407
178,Fular,392
179,Şal,393
180,Güneş Gözlüğü,379
181,İmaj Gözlüğü,2268
182,Gözlük Kabı,2877
183,Gözlük Aksesuarı,2956
184,Mavi Işık Korumalı Gözlük,4670
185,Diğer Saç Aksesuarları,388
186,Bandana,1046
187,Taç,1794
188,Toka,1795
189,Saç Bandı,1796
190,Bot & Bootie,407
191,Çizme,408
192,Kar Botu,3182
193,Sandalet,418
194,Terlik,419
195,Deniz Ayakkabısı,1026
196,Spor Sandalet,3183
197,Spor Terlik,3184
198,Basketbol Ayakkabısı,421
199,Fitness Ayakkabısı,422
200,Koşu & Antrenman Ayakkabısı,425
201,Halı Saha Ayakkabısı,426
202,Outdoor Ayakkabı,427
203,Tenis Ayakkabısı,428
204,Yürüyüş Ayakkabısı,429
205,Sneaker,975
206,Voleybol Ayakkabısı,2722
207,Güreş Ayakkabısı,3758
208,Boks Ayakkabısı,3800
209,Krampon,3929
210,Bisiklet Ayakkabısı,4538
211,Abiye Ayakkabı,431
212,Dolgu Topuklu Ayakkabı,432
213,Klasik Topuklu Ayakkabı,434
214,Stiletto,5232
215,Panduf,957
216,Ev Terliği,958
217,Patik,959
218,Ev Botu,960
219,Babet,410
220,Casual Ayakkabı,411
221,Espadril,412
222,Klasik Ayakkabı,416
223,Oxford Ayakkabı,1825
224,Loafer Ayakkabı,1826
225,Ayakkabı Boyası,3256
226,Ayakkabı Cilası,3257
227,Ayakkabı Spreyi,3258
228,Ayakkabı Bakım Süngeri,3259
229,Ayakkabı Kalıbı,3260
230,Çorap,550
231,Babydoll,552
232,Kombinezon,555
233,Jartiyer,558
234,Korse,560
235,Sütyen,567
236,Boxer,570
237,Slip,571
238,String,574
239,İç Giyim Aksesuarları,575
240,Atlet,603
241,Külot,1016
242,Spor Sütyeni,1027
243,Termal Giyim & İçlik,1041
244,Fanila,2142
245,İç çamaşırı takımları,2144
246,Diyabetik Çorap,4596
247,Bikini Altı,578
248,Bikini Takımı,579
249,Bikini Üstü,580
250,Deniz Şortu,581
251,Mayo,583
252,Pareo,944
253,Tankini,945
254,Plaj Elbisesi,1018
255,Bone & Deniz Gözlüğü,1044
256,Mayokini,2158
257,Slip Mayo,2159
258,Plaj Havlusu,2243
259,Alt-Üst Takım,2160
260,Bebek Body & Zıbın,936
261,Bebek Takımları,947
262,Hastane Çıkışları,948
263,Bebek Tulumu,2866
264,Müslin Bez,4979
265,Salopet,545
266,Tulum,546
267,Hamile Gömlek,2270
268,Hamile Pançosu,2271
269,Hamile Bluz & Tunik,2272
270,Hamile Taytı,2273
271,Hamile Kazak & Hırka,2274
272,Hamile Gecelik,2275
273,Hamile Pantolonu,2276
274,Hamile Body,2277
275,Hamile Salopet & Tulum,2278
276,Hamile Kaban & Mont,2279
277,Hamile Çorabı,2280
278,Hamile T-Shirt,2281
279,Hamile Ceket & Yelek,2282
280,Hamile Plaj Giyim,2283
281,Hamile Eşofman,2284
282,Hamile Şort&Bermuda,2285
283,Hamile Etek,2286
284,Lohusa Seti,2287
285,Hamile Elbisesi,2288
286,Hamile İç Giyim,2289
287,Hamile Alt-Üst Takım,2290
288,Hamile Abiye,2291
289,Hamile Pijama,2292
290,Hamile Sweatshirt,2293
291,Hamile Sabahlık,3242
292,Eşarp,391
293,Kap & Ferace,721
294,Tesettür Ceket & Yelek,2730
295,Tesettür Elbise,2731
296,Tesettür Panço,2732
297,Tesettür Bluz & Tunik,2733
298,Tesettür Kimono & Kaftan,2734
299,Tesettür Kazak & Hırka,2735
300,Tesettür Etek,2736
301,Tesettür Sweatshirt,2737
302,Tesettür Tayt,2738
303,Tesettür Abiye,2739
304,Tesettür T-Shirt,2740
305,Tesettür Eşofman,2741
306,Tesettür Salopet & Tulum,2742
307,Tesettür Yağmurluk&Rüzgarlık,2743
308,Tesettür Takımlar,2744
309,Tesettür Plaj Giyim,2745
310,Tesettür Gömlek,2746
311,Tesettür Kaban & Mont,2747
312,Tesettür Pantolon,2748
313,Tesettür Body,2749
314,Tesettür Mezuniyet Elbisesi,2750
315,Tesettür Pardesü & Trençkot,2751
316,Panço,537
317,Yağmurluk&Rüzgarlık,541
318,Ceket & Yelek,1181
319,Kaban & Mont,1187
320,Pardesü & Trençkot,1190
321,Etek,526
322,Pantolon,529
323,Şort & Bermuda,530
324,Tayt,531
325,Eşofman,1183
326,Jeans,1186
327,Kumaş Pantolon,3902
328,Gecelik,553
329,Pijama,561
330,Sabahlık,2358
331,Body,592
332,Büstiyer,593
333,Gömlek,597
334,Sweatshirt,601
335,T-Shirt,604
336,Bluz & Tunik,1180
337,Softshell & Polar,1185
338,Kazak & Hırka,1188
339,Polo Yaka T-shirt,2949
340,Büyük Beden Elbise,2962
341,Büyük Beden Etek,2963
342,Büyük Beden Gömlek,2964
343,Büyük Beden Abiye Elbise,2965
344,Büyük Beden Pantolon,2966
345,Büyük Beden Sweatshirt,2967
346,Büyük Beden Tayt,2968
347,Büyük Beden T-Shirt,2969
348,Büyük Beden Bluz,2970
349,Büyük Beden Tunik,2971
350,Büyük Beden Ceket,2972
351,Büyük Beden Yelek,2973
352,Büyük Beden Eşofman Altı,2974
353,Büyük Beden Kaban,2975
354,Büyük Beden Mont,2976
355,Büyük Beden Hırka,2977
356,Büyük Beden Kazak,2978
357,Büyük Beden Trençkot,2979
358,Büyük Beden Mayo,2980
359,Büyük Beden Tulum,2981
360,Büyük Beden Şort & Bermuda,2982
361,Büyük Beden Eşofman Takımı,2983
362,Büyük Beden Abiye Takım,3535
363,Büyük Beden Pijama Altı,3609
364,Büyük Beden Pijama Takımı,3610
365,Büyük Beden Pijama Üstü,3611
366,Fantezi İç Giyim,3096
367,Fantezi Kostüm,3097
368,Fantezi Aksesuar,3098
369,Klozet Takımı,838
370,Bebek Havlu & Bornoz,1173
371,Banyo Aksesuarı,2242
372,Banyo Tekstili,4897
373,Banyo Aksesuarları,4898
374,Ayna,460
375,Çerçeve & Fotoğraf Albümü,461
376,Masa Saati,840
377,Duvar Kağıdı,841
378,Tablo,842
379,Diğer Dekoratif Aksesuarlar,843
380,Dekoratif Obje ve Biblo,1877
381,Kapı Süsü,1878
382,Kırlent & Kırlent Kılıfı,1879
383,Mum & Kandil,1880
384,Vazo,1881
385,Şamdan & Mumluk,1882
386,Kokulu Mum ve Jel,2455
387,Dekoratif Ürünler,2649
388,Duvar Saati,2885
389,Yapay & Kuru Çiçek,2995
390,Duvar Dekorasyon Ürünleri,3014
391,Kül Tablası,3167
392,Dekoratif Tabak & Kase,3464
393,Dekoratif Sticker,3465
394,Duvar Örtüsü,3536
395,Dekoratif Aydınlatma ve Gece Lambası,3821
396,Yapışkanlı Folyo,3823
397,Dekoratif Kutu,4762
398,Kitap Tutucu,4763
399,Magnet,4764
400,Tütsü ve Buhurdanlık,4986
401,Paravan ve Seperatör,5089
402,Oda Kokusu,5253
403,Ütü Masası ve Aksesuarları,870
404,Çamaşır Kurutmalık,871
405,Çamaşır Sepeti,872
406,Düzenleyici,1883
407,Pratik Temizlik Gereci,2266
408,Pazar Arabası & Çantası,2830
409,Pratik Ev Gereci,2951
410,Çöp Kovası,4028
411,Depolama&Düzenleme Ürünleri,4693
412,Plastik Ev Gereçleri,4696
413,Çamaşır İpi Mandal File,5186
414,Şişe Açacağı,5206
415,Mutfak Tekstili,890
416,Yatak Odası Tekstili,1846
417,Bebek&Çocuk Odası Tekstili,1858
418,Salon Tekstili,3082
419,Halı,1852
420,Kilim,1853
421,Yolluk,1854
422,Kapı Önü Paspası,2375
423,Halı Örtüsü,2855
424,Mutfak Halısı,3411
425,Seccade,3537
426,Ofis Mobilyaları,2012
427,Antre & Hol,2083
428,Çalışma Odası,2084
429,Bahçe Mobilyaları,2085
430,Salon & Oturma Odası,2087
431,Yatak Odası,2088
432,Yemek Odası,2089
433,Mutfak & Banyo Mobilyası,4901
434,Bebek & Çocuk Odası Mobilyası,4989
435,Sofra,516
436,Runner&Amerikan Servisi,892
437,Pişirme,909
438,Yemek Hazırlık,2134
439,Kesme Tahtası,2137
440,Rende,2138
441,Süzgeç,2139
442,Mutfak Saklama ve Düzenleme,2188
443,Baharatlık,2189
444,Bulaşıklık,2190
445,Ekmek Kutusu ve Sepetleri,2191
446,Kaşıklık,2192
447,Kavanoz,2193
448,Mutfak Çöp Kovası,2194
449,Patates Soğan Sepeti,2195
450,Sebzelik,2196
451,Endüstriyel Mutfak Ekipmanları,3172
452,Bardak Altlığı,3612
453,Buz Kalıbı,3962
454,Damacana Pompası,4125
455,Saklama Kapları,4459
456,Çay ve Kahve Demleme,4460
457,Pastacılık Ekipmanları,4469
458,Öğütücü Değirmenler,5200
459,Manuel Kıyma Makinası,5228
460,Abajur,931
461,Aplik,933
462,Avize,934
463,Lambader,935
464,Masa Lambası,1514
465,Gece Lambası,4542
466,Tül Perde,895
467,Fon Perde,1848
468,Stor Perde,1849
469,Cibinlik,2241
470,Perde Aksesuarı,2991
471,Resim,4531
472,Baskı ve Gravür,4532
473,Seramik ve Cam,4533
474,Dijital Baskı,4534
475,Fotoğraf,4571
476,Geleneksel Türk Sanatları,4605
477,Heykel,4850
478,Kolaj,4851
479,Bebek&Çocuk Sofra&Mutfak,4903
480,Bebek&Çocuk Ev Tekstil,4909
481,Bebek&Çocuk Ev Gereçleri,4912
482,Bebek&Çocuk Ev Dekorasyon,4915
483,Bebek&Çocuk Aydınlatma,4925
484,Bebek&Çocuk Banyo,4932
485,Dudak Makyajı,642
486,Göz Makyajı,645
487,Makyaj Seti,651
488,Ten Makyajı,652
489,Makyaj Paleti,2952
490,Makyaj Aksesuarları,4830
491,Tırnak,4832
492,Diş Fırçası,625
493,Diş Macunu,626
494,Diş Beyazlatma Ürünü,1526
495,Diş İpi ve Kürdanı,1527
496,Ağız Çalkalama Suyu,2406
497,Diş Fırçası Yedek Başlığı,2407
498,Protez Diş Bakım,2408
499,Dil Temizleyici,4769
500,Dudak Kremi ve Peelingi,611
501,Göz Bakım,612
502,Yüz Güneş Kremi,620
503,Banyo & Duş Ürünleri,628
504,Vücut Bakımı,670
505,Cilt Bakım Seti,740
506,Göz Kremi,2161
507,Cilt Bakım Aletleri,3888
508,Güneş Ürünü,4770
509,Banyo ve Duş Ürünleri,4804
510,El ve Ayak Bakımı,4808
511,Yüz Bakım,4821
512,Cilt Bakım Yağları,4965
513,Hijyenik Ped,636
514,İntim Bakım Ürünü,1602
515,Tampon,2434
516,Günlük Ped,4826
517,Menstrual Kap,5302
518,Saç Boyası,665
519,Saç Serum ve Yağı,667
520,Saç Bakım Seti,744
521,Saç Fırçası ve Tarak,1017
522,Saç Şekillendirici Ürünler,1210
523,Şampuan,2162
524,Saç Kremi,2163
525,Boya Açıcı ,2948
526,Kuru Şampuan,2957
527,Saç Maskesi,3629
528,Saç Açıcı Sprey,3959
529,Saç Kesim Makası,4834
530,Saç Toniği,4835
531,Saç Vitamini,4836
532,Kolonya,659
533,Parfüm,661
534,Parfüm Seti,662
535,Vücut Spreyi,672
536,Deodorant,2426
537,Roll-on ve Stick,2427
538,Parfüm Esansı,4838
539,Manikür Pedikür Seti,750
540,Bakım Çantası,2140
541,Pamuk & Disk,2141
542,Islak Tıraş,1211
543,Ağda & Tüy Dökücü,1542
544,Cımbız,2240
545,Kaş Makası,3628
546,Ütü,469
547,Çay & Kahve Makinesi,856
548,Tartı,868
549,Süpürge,873
550,Dikiş Makinesi,1773
551,Diğer Elektrikli Pişiriciler,2244
552,Kahve Makinesi,2984
553,Vakum Makinesi,3002
554,Kahve Makine Türleri,3067
555,Elektrikli Ev Aletleri Aksesuar,3173
556,Halı Yıkama Makineleri,3492
557,Buharlı Temizleyici,3493
558,Elektronik Çeyiz Seti,4045
559,Ev Aletleri Yedek Parça,4974
560,Akıllı Aydınlatma,4978
561,Yiyecek Hazırlama,5207
562,İçecek Hazırlama,5208
563,Video Kamera,762
564,Foto & Kamera Aksesuarları,764
565,Aynasız Kompakt SLR Makinesi,1885
566,Dijital Fotoğraf Makinesi,1886
567,SLR Fotoğraf Makinesi,1888
568,Sualtı Fotoğraf Makinesi,2166
569,Aksiyon Kamerası,2703
570,Bilgisayar Oyunları,1900
571,Diğer Oyun Konsolları,1901
572,Nintendo Konsolları,1902
573,Playstation Konsolları,1903
574,PSP & Vita Konsolları,1904
575,Xbox Konsolları,1905
576,Nintendo Oyunları,2724
577,Playstation Oyunları,2725
578,PSP & Vita Oyunları,2726
579,Xbox Oyunları,2727
580,Dijital Oyun,2996
581,Ankastre,1268
582,Aspiratör,1269
583,Bulaşık Makinesi,1270
584,Buzdolabı,1271
585,Çamaşır Makinesi,1272
586,Davlumbazlar,1273
587,Derin Dondurucu,1274
588,Fırın,1275
589,Kurutma Makinesi,1276
590,Ocak,1277
591,Su Sebili,1278
592,Mikrodalga Fırın,1774
593,Mini & Midi Fırın,1775
594,Beyaz Eşya Yedek Parça,2994
595,Hava Nemlendirici,3013
596,Hava Temizleyici,3018
597,Bilgisayar Bileşenleri,1582
598,Dizüstü Bilgisayar,1583
599,Kablo & Adaptör,1585
600,Masaüstü Bilgisayar,1587
601,Monitör,1589
602,All-in-One Monitor PC,2685
603,Oyuncu Bilgisayarları,2695
604,Barkod Okuyucu,2888
605,Monitör Aksesuarları,3897
606,Akıllı Bileklik,1889
607,Akıllı Saat,1890
608,Sanal Gerçeklik Gözlüğü,1891
609,Akıllı Saat Kordon,3222
610,Akıllı Bileklik Kordon,3223
611,Akıllı Çocuk Saati,5251
612,Hava Perdesi,1761
613,Klima,1762
614,Kombi,1763
615,Portatif Soğutucu,1764
616,Isıtıcı,1765
617,Şofben,1766
618,Termosifon,1767
619,Vantilatör,1768
620,Ev Sinema Sistemi,776
621,Ev Sinema Hoparlörü,1777
622,DVR Kayıt Cihazı,1894
623,Projeksiyon Cihazı,1896
624,Televizyon,1898
625,Uydu Alıcı,3085
626,Uydu Alıcı Aksesuarları,3086
627,Projeksiyon Sistemleri,3996
628,Kablosuz Ses&Görüntü Aktarıcı,4022
629,TV Yedek Parça,4476
630,Lazer Yazıcı,2153
631,Mürekkep Püskürtmeli Yazıcı,2154
632,Yazıcı Sarf Malzemeleri,2155
633,Tanklı Yazıcı,2156
634,Tarayıcı,2157
635,3D Yazıcı,3225
636,Tıraş Makinesi,474
637,Saç Kurutma Makinesi,864
638,Saç Düzleştirici,865
639,Saç Maşası,866
640,Epilatör,867
641,Saç Kesme Makinesi,3089
642,IPL Lazer Epilasyon Aletleri,3090
643,Kişisel Bakım Yedek Parça,4363
644,Dijital Yayın Paketi,1892
645,Dijital Üyelik,2998
646,Dijital Kart & Kupon,2999
647,Dijital Destek Kartları,4984
648,Ön Ödemeli Kartlar,4985
649,Hizmetler,5180
650,Cep Telefonu Aksesuarları,4939
651,TV & Ses & Konsol Aksesuarları,4945
652,Bilgisayar & Tablet Aksesuarlar,4946
653,Tablet,1592
654,Grafik Tablet,2887
655,Telsiz & Masaüstü Telefon,2152
656,Tuşlu Cep Telefonu,3718
657,Akıllı Cep Telefonu,3719
658,Yenilenmiş Cep Telefonu,3720
659,Kedi Ürünleri,1279
660,Köpek Ürünleri,1280
661,Akvaryum Ürünleri,1281
662,Kuş Ürünleri,1282
663,Kemirgen Ürünleri,1283
664,Sürüngen Ürünleri,1284
665,Evcil Hayvan Ürünleri,5013
666,Kağıt Ürünleri,1389
667,Bulaşık Yıkama,1395
668,Çamaşır Yıkama,1396
669,Ev ve Temizlik Gereçleri,1397
670,Ev Temizlik,2438
671,Poşet,3220
672,Bez Poşet,3221
673,Gıda Paketleri,1384
674,Atıştırmalık,1405
675,Hazır Gıda,1409
676,Manav,1410
677,Çay,1414
678,Gazlı İçecek,1416
679,Kahve,1418
680,Özel Gıda Ürünü,2443
681,Kuru Gıda,2447
682,Yağ ve Sos,2448
683,Gazsız İçecek,2899
684,Et & Tavuk & Balık Ürünleri,3597
685,Süt ve Kahvaltılık,5071
686,Gıda Kolisi,5198
687,Cinsel Sağlık,741
688,Sporcu Besini & Supplementler,1813
689,Gıda Takviyesi ve Vitamin,2320
690,Genel Sağlık,2378
691,Hasta Bezi ve Temizlik,2388
692,Medikal Ekipman,4853
693,Hasta Bakım ve Hareket Destek,4869
694,Maske,5024
695,Masaj Aleti,5035
696,Anne Bakım,997
697,Bebek Bakım ve Kozmetik,998
698,Bebek Sağlık Ürünleri,1005
699,Bebek Beslenme ve Emzirme,2339
700,Bebek Temizlik,4987
701,Model Araçlar,830
702,Figür,833
703,Müzik Alet ve Ekipmanları,834
704,Parti Malzemeleri,844
705,Koleksiyon,1545
706,Film,2828
707,Müzik Albümü,2829
708,Oyun Takımı,2911
709,Puro Aksesuarları,3420
710,Filografi Malzemeleri,3538
711,Hobi Malzemeleri,3964
712,Hediyelik Ürünler,4052
713,Akıllı Robotlar,4373
714,Robotik Malzemeler,4391
715,Uzaktan Kumandalı Araçlar,4392
716,Oyun Grupları,4569
717,Tütün & Tütün Aksesuarları,4678
718,Kişisel Gelişim & Psikoloji,692
719,Yemek Kitabı,698
720,Çocuk & Gençlik,1611
721,Yabancı Dil Kitaplar,1633
722,Eğitim,1636
723,Gezi & Turizm,1637
724,Din ve Mitoloji,1640
725,Çizgi Roman & Mizah,1641
726,Aile & Çocuk Bakımı,1642
727,"Çizgi Roman, Dergi ve Gazete",4539
728,Çocuk ve Ebeveyn Kitapları,4540
729,E-kitaplar,4541
730,Dijital Yayınlar ve E-kitaplar,4588
731,"Hobi, Sanat, Akademik",4589
732,Roman ve Edebiyat,4591
733,Otomobil,792
734,Motosiklet,2905
735,Kırtasiye,809
736,Dosyalama & Arşivleme,1508
737,Ofis Teknolojileri,1833
738,Ofis Sarf Tüketim Malzemeleri,2013
739,Sanatsal Malzemeler,2014
740,Masaüstü Gereçleri,2902
741,Bahçe,797
742,Yapı Market,806
743,Bebek Arabası & Puset,977
744,Ana Kucağı,978
745,Portbebe & Kanguru,981
746,Yürüteç,982
747,Bebek & Çocuk Odası,984
748,Güvenlik,986
749,Beslenme&Emzirme,989
750,Mama Isıtıcı ve Hazırlayıcı,990
751,Biberon ve Emzik,991
752,Emzirme & Saklama Aksesuarları,996
753,Bebek Salıncağı & Hoppala,1175
754,Park Yatak & Oyun Parkı,1177
755,Bebek Bakım Çantası,1856
756,Yemek Setleri,1866
757,Mama Sandalyesi & Aksesuarları,5219
758,Oto Koltuğu ve Aksesuarları,5221
759,Eğitici Oyuncaklar,1011
760,Peluş Oyuncaklar,1012
761,Diğer Oyuncaklar,1015
762,Akülü & Pedallı Araçlar,1051
763,Bisiklet&Scooter&Paten,1052
764,Bahçe Oyuncakları,1194
765,Deniz & Plaj Malzemeleri,1195
766,Lego & Yapı Oyuncakları,1197
767,Oyuncak Bebek ve Aksesuarları,1198
768,Çocuk Puzzle & Yapboz,1199
769,Oyun Hamurları,1781
770,Bebek & Okul Öncesi Oyuncaklar,1785
771,Oyuncak Silah & Su Tabancası,2230
772,Kutu Oyunları,2231
773,Oyun Setler,2254
774,Ahşap Oyuncaklar,2256
775,Bahçe & Dış Mekan Oyuncakları,4486
776,Figür Oyuncaklar,4497
777,Oyun Setleri,4502
778,Oyuncak Araçlar,4508
779,Oyuncak Bebek,4516
780,Bebek Banyo & Tuvalet,1067
781,Bebek Beslenme Ürünleri,4481
782,Emzirme Ürünleri,5217
783,Boks Ekipmanları,1595
784,Fitness - Kondisyon,1596
785,Kayak & Snowboard,1597
786,Top,1600
787,Fitness & Vücut Geliştirme,1601
788,Bisiklet & Aksesuar,2037
789,Dalış Ürünleri,2038
790,Kamp,2039
791,Su Sporu,2040
792,Tırmanış,2043
793,Av & Balıkçılık,2202
794,Okçuluk,2208
795,Paintball,2209
796,Paten & Kaykay & Scooter,2235
797,Tenis,2843
798,Voleybol,2852
799,Koruyucu & Aksesuar,2908
800,Pilates & Yoga,2909
801,Bilardo & Bilardo Malzemesi,2990
802,Spor Bileklik,3215
803,Sporcu Saç Bandı,3216
804,Spor Kolluk,3217
805,Spor Dizlik,3218
806,Spor Matara,3219
807,Futbol,3554
808,Basketbol,3558
809,Atlama İpi,3564
810,Foam Roller,3565
811,Dart,3566
812,Badminton,3571
813,Top Çantası,3579
814,Beyzbol,3590
815,Kronometre,3595
816,Skorbord,3616
817,Suluk,3617
818,Düdük,3618
819,Düdük İpi,3619
820,Top Sepeti,3620
821,Top İğnesi,3621
822,Top Filesi,3622
823,Suluk Taşıyıcı,3623
824,Sağlık Topu,3721
825,Avcılık,3734
826,Spor Dirseklik,3745
827,Ayak Bilekliği,3746
828,Güreş,3756
829,Crossfit,3761
830,Amerikan Futbolu,3770
831,Hokey,3776
832,Muay Thai,3785
833,Kasık Koruyucu,3788
834,Kaval Koruyucu,3789
835,Boks,3790
836,Trambolin,3811
837,El Bilek Ateli,3812
838,Hulahop,3817
839,Denge Tahtası,3818
840,Bocce Seti,4031
841,Badminton Filesi,4035
842,Squash,4036
843,Tekne & Yat Malzemeleri,4383
844,Frizbi,4485
845,Dövüş Sporları,4523
846,Bowling,4579
847,Langırt,4597
848,Golf Malzemeleri,4598
849,Stafet Çubuğu,4611
850,Koşu Bandı Spreyi,4612
851,Sporcu Bandı,4613
852,Ayak Tenisi Masası,4614
853,Deprem Çantası,4615
854,Okçuluk Sporu,4629
855,Zıplayan Ayakkabı,4701
856,Bale Barı,4706
857,Ağırlık Çantası,4707
858,Jimnastik,4708
859,Hentbol,4793
860,Forma,596
861,Spor Eşofman Altı,3188
862,Spor Eşofman Takımı,3189
863,Spor Etek,3190
864,Spor Pantolon,3191
865,Spor Şort,3192
866,Spor Bermuda,3193
867,Spor Tayt,3194
868,Spor Ceket,3195
869,Spor Yelek,3196
870,Spor Kaban,3197
871,Spor Mont,3198
872,Spor Kayak & Snowboard Mont,3199
873,Spor Yağmurluk & Rüzgarlık,3200
874,Spor Boxer,3201
875,Spor Çorap,3202
876,Spor İç Çamaşırı Takımları,3203
877,Spor Korse,3204
878,Spor Külot,3205
879,Spor Slip,3206
880,Spor Termal Giyim & İçlik,3208
881,Spor Atlet,3209
882,Spor Body,3210
883,Spor Büstiyer,3211
884,Spor Softshell & Polar,3212
885,Spor Sweatshirt,3213
886,Spor T-Shirt,3214
887,Kaleci Forması,3586
888,Futbol Çorabı,3588
889,Yoga Tulumu,3703
890,Yoga Taytı,3704
891,Yoga Çorabı,3714
892,Taekwondo Elbisesi,3755
893,Güreş Mayo,3760
894,Boks Pantolonu,3793
895,Yüzücü Mayosu,3906
896,Bisiklet Taytı,3907
897,Bisiklet Forma,3908
898,Basketbol Forması,3909
899,Futbol Forması,3910
900,Spor Başörtüsü,4700
901,Tekstil Maske,4988
902,Spor Şapka,5019
903,Spor Alt-Üst Takım,5188
904,Kayak Montu,5275
905,Snowboard Montu,5276
906,Kayak & Snowboard Pantolonu,5277
907,Kayak Tulumu,5278
908,Yardım Düdüğü,3826
909,İlk Yardım Seti,3827
910,Güvenlik Kiti,3828
911,Altın Bileklik,1238
912,Gümüş Bileklik,1239
913,Pırlanta Bileklik,1240
914,Bijuteri Bileklik,1241
915,Çelik Bileklik,2845
916,İnci Bileklik,3171
917,Elmas Bileklik,3883
918,Altın Kolye,1246
919,Gümüş Kolye,1247
920,Pırlanta Kolye,1248
921,Bijuteri Kolye,1249
922,Çelik Kolye,2853
923,İnci Kolye,3168
924,Elmas Kolye,3884
925,Altın Kolye Ucu,5255
926,Altın Küpe,1254
927,Gümüş Küpe,1255
928,Pırlanta Küpe,1256
929,Bijuteri Küpe,1257
930,Çelik Küpe,2846
931,İnci Küpe,3170
932,Elmas Küpe,3885
933,Altın Yüzük,1258
934,Gümüş Yüzük,1259
935,Pırlanta Yüzük,1260
936,Bijuteri Yüzük,1261
937,Alyans,1262
938,Çelik Yüzük,2841
939,İnci Yüzük,3169
940,Elmas Yüzük,3886
941,Gümüş Şahmeran,3502
942,Bijuteri Şahmeran,3503
943,Altın Şahmeran,3504
944,Halhal,3497
945,Altın Set & Takım,1264
946,Gümüş Set & Takım,1265
947,Pırlanta Set & Takım,1266
948,Bijuteri Takım,1267
949,Çelik Set & Takım,2856
950,Elmas Set & Takım,3887
951,Gümüş Kıkırdak Küpe,3416
952,Bijuteri Kıkırdak Küpe,3417
953,Altın Kıkırdak Küpe,3418
954,Pırlanta Kıkırdak Küpe,3419
955,Astronot Tulum,942
956,Uyku Tulumu,1035
957,Hamile Bluz,2294
958,Hamile Tunik,2295
959,Hamile Hırkası,2309
960,Hamile Kazağı,2310
961,Hamile Salopeti,2318
962,Hamile Tulumu,2319
963,Hamile Kabanı,2306
964,Hamile Montu,2307
965,Hamile Paltosu,2308
966,Hamile Ceket,2296
967,Hamile Yelek,2297
968,Hamile Bikini Altı,2314
969,Hamile Bikini Takımı,2315
970,Hamile Bikini Üstü,2316
971,Hamile Mayosu,2317
972,Hamile Eşofman Altı,2298
973,Hamile Eşofman Takımı,2299
974,Hamile Atleti,2300
975,Hamile Korsesi & Bel Bandı,2301
976,Hamile Külodu,2302
977,Hamile Sütyeni,2303
978,Emzirme Atleti,2304
979,Emzirme Sütyeni,2305
980,Hamile Pijama Altı,2311
981,Hamile Pijama Takımı,2312
982,Hamile Pijama Üstü,2313
983,Tesettür Yelek,2754
984,Tesettür Ceket,2773
985,Tesettür Tunik,2768
986,Tesettür Bluz,2770
987,Tesettür Süveter,2759
988,Tesettür Kazak,2765
989,Tesettür Hırka,2772
990,Tesettür Eşofman Takımı,2769
991,Tesettür Eşofman Altı,2776
992,Tesettür Salopet,2758
993,Tesettür Tulum,2767
994,Tesettür Alt-Üst Takım,2752
995,Haşema,582
996,Tesettür Mayo,2760
997,Tesettür Bone,2762
998,Tesettür Pareo,2775
999,Tesettür Mont,2756
1000,Tesettür Parka,2757
1001,Tesettür Palto,2763
1002,Tesettür Kaban,2774
1003,Tesettür Pardesü,2753
1004,Tesettür Trençkot,2766
1005,Ceket,594
1006,Yelek,606
1007,Kaban,534
1008,Mont,535
1009,Palto,536
1010,Parka,539
1011,Pardesü,538
1012,Trençkot,540
1013,Eşofman Altı,525
1014,Eşofman Takımı,586
1015,Pijama Altı,562
1016,Pijama Takımı,563
1017,Pijama Üstü,564
1018,Bluz,590
1019,Tunik,605
1020,Hırka,598
1021,Kazak,599
1022,Süveter,600
1023,Fantezi Atlet,3099
1024,Fantezi Babydoll,3100
1025,Fantezi Boxer,3101
1026,Fantezi Çorap,3102
1027,Fantezi İç Çamaşır Takımları,3103
1028,Fantezi Jartiyer,3104
1029,Fantezi Kombinezon,3105
1030,Fantezi Külot,3106
1031,Fantezi Slip,3107
1032,Fantezi String,3108
1033,Fantezi Sütyen,3109
1034,Fantezi Gecelik,3110
1035,Fantezi Sabahlık,3111
1036,Havlu&Havlu Seti,839
1037,Banyo Perdesi,1829
1038,Bornoz,2359
1039,Banyo Paspası,2993
1040,Peştemal,4899
1041,Banyo Düzenleyici,1828
1042,Banyo Setleri,1830
1043,Banyo Çöp Kovası,1831
1044,Tuvalet Fırçası,2374
1045,Diş Fırçalık,2883
1046,Sabunluk,2884
1047,Tuvalet Kağıtlığı,4937
1048,Askı,869
1049,Sepet,1884
1050,Ayakkabı Düzenleyici,4694
1051,Çok Amaçlı Düzenleyici,4695
1052,Hurç,4702
1053,Saklama Kutusu,4703
1054,Makyaj Organizeri,4831
1055,Dolap İçi Düzenleyici,5187
1056,Kalorifer Suluk,4697
1057,Cam Silme Aparatı,4699
1058,Faraş,5223
1059,Gırgır,5224
1060,Mutfak Havlusu&Kurulama Bezi,891
1061,Önlük&Eldiven&Tutacak,893
1062,Alez,477
1063,Battaniye,478
1064,Çarşaf&Çarşaf Takımı,479
1065,Nevresim Takımı,492
1066,Pike&Pike Takımı,496
1067,Uyku Seti,499
1068,Yastık&Yastık Kılıfı,500
1069,Yatak Örtüsü,501
1070,Yorgan,502
1071,Masa Örtüsü,483
1072,Sandalye Minderi,2350
1073,Koltuk Örtüsü,2832
1074,Sandalye Örtüsü,4889
1075,Ergonomi Ürünleri,2015
1076,Ofis Kitaplığı,2016
1077,Ofis Aksesuarları,2017
1078,Ofis Dolapları,2018
1079,Ofis Koltukları,2019
1080,Ofis Masaları,2020
1081,Ofis Sehpası,2021
1082,Kasalar,2102
1083,Keson,2103
1084,Oyuncu Koltuğu,2835
1085,Oyuncu Masası,4099
1086,Dresuar,929
1087,Askılık,2090
1088,Portmanto,2395
1089,Ayakkabılık,2396
1090,Sandık & Tabure,2415
1091,Kitaplık,915
1092,Çalışma Masası,2100
1093,Çalışma Sandalyesi,2101
1094,Dergilik & Gazetelikler,2397
1095,Laptop Sehpası,3980
1096,Bahçe Masası,2091
1097,Bahçe Sandalyesi,2092
1098,Bahçe Takımları,2093
1099,Salıncak & Hamak,2094
1100,Şemsiye & Tente,2095
1101,Şezlong,2096
1102,Armut Koltuk,2421
1103,Saksılık,3290
1104,Bahçe Dolabı,3511
1105,Bahçe Minderi,3540
1106,Bahçe Koruma Örtüsü,3979
1107,Kanepe & Koltuklar,2104
1108,Duvar Rafı,2105
1109,Sehpa,2106
1110,TV Sehpaları & Üniteleri,2107
1111,Komodin,917
1112,Baza,2120
1113,Dolap ve Gardırop,2122
1114,Karyola,2123
1115,Makyaj Masası & Tuvalet Masası,2124
1116,Yatak,2125
1117,Yatak / Baza Başlığı,2126
1118,Yatak Odası Takımı,2127
1119,Bez Dolaplar,2419
1120,Takı ve Aksesuar Dolapları,2420
1121,Yatak Pedi & Şiltesi,3288
1122,Şifonyer,3448
1123,Vitrin & Gümüşlük,2108
1124,Konsol,2116
1125,Yemek Odası Sandalyesi,2117
1126,Yemek Masası,2118
1127,Yemek Odası Takımı,2119
1128,Banyo Dolabı,1827
1129,Mutfak Mobilyası,5215
1130,Bebek Odası Mobilyası,4990
1131,Çocuk & Genç Odası Mobilyası,4998
1132,Çatal,901
1133,Kahvaltı Takımı,902
1134,Yemek Takımı,903
1135,Bardak,904
1136,Sürahi& Karaf,906
1137,Tabak,967
1138,Kadeh,2409
1139,Kaşık,2410
1140,Bıçak,2411
1141,Kaseler,2412
1142,Tepsi,2710
1143,Çatal & Bıçak & Kaşık Seti,2711
1144,French Press,2851
1145,Tabaklar,4374
1146,Sosluk,4405
1147,Pasta Sunumu,4406
1148,Nihale,4407
1149,Fondü Seti,4408
1150,Peçetelik,4409
1151,Servis Maşa Seti,4410
1152,Reçellik,4412
1153,Çerezlik,4413
1154,Çorba Kasesi,4414
1155,Salata Kasesi,4415
1156,Peynir Sunumu,4416
1157,Çay ve Kahve Sunumu,4417
1158,Kadehler,4426
1159,Bardaklar,4431
1160,Buz Kovası,5210
1161,Cezve,910
1162,Tava&Tava Seti,911
1163,Tencere&Tencere Seti,912
1164,Fırın&Kek Kalıbı,913
1165,Çaydanlık,2424
1166,Düdüklü Tencere,2986
1167,Buharda Pişirme Aparatı,4438
1168,Sahan,4439
1169,Pratik Mutfak Gereçleri,2267
1170,Yağdanlık,2546
1171,Havan,4441
1172,Salata Kurutucu,4442
1173,Tuzluk Biberlik,4444
1174,Öğütücü Değirmeni,4445
1175,Limon Sıkacağı,4447
1176,Sarımsak Ezici,4448
1177,Mutfak Makası,4449
1178,Bıçaklar,4450
1179,El Rondosu,5201
1180,Mutfak Düzenleyiciler,4458
1181,Çay Demleme Ekipmanları,4461
1182,Kahve Demleme Ekipmanları,4464
1183,Un Eleği,4470
1184,Hamur Fırçası,4471
1185,Spatula,4472
1186,Çırpıcı,4473
1187,Oklava,4474
1188,Hamur Kesme ve Şekillendirme,5027
1189,Çocuk Mutfak Gereçleri,4904
1190,Çocuk Yemek Takımı,4905
1191,Çocuk Bardak ve Kupa,4906
1192,"Çocuk Çatal, Bıçak ve Kaşık ",4907
1193,"Çocuk Tabak, Kase ve Kavanoz",4908
1194,Bebek&Çocuk Battaniyesi,2365
1195,Bebek&Çocuk Çarşafı,2366
1196,Bebek&Çocuk Nevresim Takımı,2367
1197,Bebek&Çocuk Pike,2368
1198,Bebek&Çocuk Uyku Seti,2369
1199,Bebek&Çocuk Yastık ve Kılıfı,2370
1200,Bebek&Çocuk Yatak Örtüsü,2371
1201,Bebek&Çocuk Yorgan,2372
1202,Çocuk Halısı,2848
1203,Çocuk Odası Perdesi,4910
1204,Bebek&Çocuk Alez,4911
1205,Çocuk Odası Askı,4913
1206,Çocuk Odası Düzenleyici,4914
1207,Çocuk Odası Cibinlik,4916
1208,Çocuk Odası Kırlent ve Kılıfı,4917
1209,Çocuk Odası Çerçeve,4918
1210,Çocuk Odası Duvar Rafı,4919
1211,Çocuk Odası Tablo,4920
1212,Çocuk Odası Saat,4921
1213,Çocuk Odası Duvar Kağıdı,4922
1214,Çocuk Odası Biblo,4923
1215,Çocuk Odası Duvar Sticker,4924
1216,Çocuk Odası Lambader,4926
1217,Çocuk Odası Aplik,4927
1218,Çocuk Odası Abajur,4928
1219,Çocuk Odası Aydınlatma,4929
1220,Çocuk Masa Lambası,4930
1221,Çocuk Odası Avize,4931
1222,Çocuk Sabunluk,4933
1223,Çocuk Diş Fırçalık,4934
1224,Bebek Bornoz,4935
1225,Bebek Havlu,4936
1226,Dudak Kalemi,643
1227,Ruj,644
1228,Dudak Parlatıcısı,2881
1229,Eyeliner,646
1230,Göz Farı,647
1231,Göz Kalemi,648
1232,Kaş Kalemi&Kaş Farı,649
1233,Maskara,650
1234,Takma Kirpik,1536
1235,Kaş Boyası,2880
1236,Kaş Maskarası,4827
1237,Kaş Sabitleyici,4828
1238,Kirpik Perması,4829
1239,BB ve CC Krem,610
1240,Allık,653
1241,Fondöten,654
1242,Pudra,656
1243,Makyaj Bazı,943
1244,Kontür,1534
1245,Aydınlatıcı,2147
1246,Kapatıcı,2148
1247,Makyaj Sabitleyici,2992
1248,Makyaj Fırçası,635
1249,Makyaj Çantası,970
1250,Makyaj Süngeri,3294
1251,Kirpik Kıvırıcı,3295
1252,Makyaj Aplikatörleri,4973
1253,Oje,619
1254,Takma Tırnak ve Aksesuarları,633
1255,Oje Kurutucu,3088
1256,Oje Çıkarıcı,3625
1257,Kalıcı Oje,4833
1258,Şarj Edebilir Diş Fırçası,3275
1259,Manuel Diş Fırçası,3276
1260,Pilli Diş Fırçası,3277
1261,Göz Makyaj Temizleyici,1535
1262,Kaş ve Kirpik Serumu,2953
1263,Göz Serumu,4818
1264,Göz Maskesi,4977
1265,Duş Jeli,629
1266,Banyo ve Duş Aksesuarları,631
1267,Vücut Kremi,671
1268,Selülit Kremi,746
1269,Ayak Bakımı,749
1270,Selülit Fırçası,4819
1271,Vücut Peelingi,4820
1272,Bronzlaştırıcı,4771
1273,Güneş Kremi Seti,4772
1274,Güneş Sonrası Ürünü,4773
1275,Vücut Güneş Kremi,4774
1276,Banyo Lifi ve Süngeri,2954
1277,Banyo Köpüğü,4805
1278,Kulak Çubuğu,4806
1279,Pamuk,4807
1280,Banyo Sabunu,4814
1281,Banyo Topu,4815
1282,El Sabunu,4816
1283,Katı Sabun,5284
1284,Sıvı Sabun,5285
1285,Ayak Kremi,2360
1286,Ayak Törpüsü,4809
1287,El Kremi,4810
1288,Manikür ve Pedikür Seti,4811
1289,Tırnak Bakım,4812
1290,Tırnak Makası,4813
1291,Ayak Koku Önleyici,4817
1292,Ayak Maskesi,4976
1293,Yüz Maskesi,614
1294,Yüz Kremi,615
1295,Cilt Serumu,739
1296,Makyaj Temizleme Mendili,1205
1297,Yüz Temizleyici,1821
1298,Tonik,1822
1299,Makyaj Temizleyici,3518
1300,Siyah Nokta Bandı,3961
1301,Yüz Bakım Aleti,4822
1302,Yüz Peelingi,4825
1303,Bakım Yağı,747
1304,Badem Yağı,4044
1305,Hindistan Cevizi Yağı,4047
1306,Saç Jölesi,1537
1307,Saç Köpüğü,1538
1308,Saç Spreyi,1540
1309,Saç Şekillendirici Krem ve Wax,2229
1310,Tıraş Bıçağı,639
1311,Tıraş Köpük ve Jelleri,640
1312,Tıraş Sonrası Ürün,1541
1313,Tıraş Aksesuarı,4837
1314,Ağda,2431
1315,Tüy Dökücü Krem,2433
1316,Ağda Bandı,4604
1317,Buharlı Ütü,3342
1318,Buhar Kazanlı Ütü,3343
1319,Buharlı Dikey Ütü,5280
1320,Dik Süpürge,3271
1321,Toz Torbalı Süpürge,3272
1322,Torbasız Süpürge,3273
1323,Robot Süpürge,3274
1324,Kahve & Baharat Öğütücü,3116
1325,Elektronik Kahve Öğütücü,5020
1326,Süpürge Aksesuarı,2950
1327,Dikiş Makinesi Aksesuarları,3174
1328,Çay & Kahve Makinesi Aksesuar,3175
1329,Blender Yedek Parça,3176
1330,Ütü Yedek Parça,4975
1331,Doğrayıcı&Rondo,846
1332,Mikser&Mikser Seti,847
1333,Tost Makinesi,857
1334,Fritöz,859
1335,Ekmek Yapma Makinesi,861
1336,Ekmek Kızartma Makinesi,862
1337,Elektrikli Izgara,863
1338,Blender Seti,1772
1339,Kıyma Makinesi,2960
1340,Mısır Patlatma Makinesi,3006
1341,Yoğurt Yapma Makinesi,3624
1342,Yumurta Pişirme Makinesi,5225
1343,Çok Amaçlı Pişirici,5226
1344,Mutfak Tartısı,5227
1345,Kişisel Blender,5230
1346,Waffle Makinesi,5231
1347,Meyve&Sebze Sıkacağı,845
1348,Su Isıtıcı&Kettle,860
1349,Çay Makinesi,2985
1350,Türk Kahvesi Makinesi,3113
1351,Filtre Kahve Makinesi,3114
1352,Espresso & Cappuccino Makinesi,3115
1353,Soda Makinesi,5229
1354,Playstation 3,4846
1355,Playstation 4,4847
1356,Playstation 5,4848
1357,PS5 Oyunları,5189
1358,PS4 Oyunları,5190
1359,PS3 Oyunları,5191
1360,PS2 Oyunları,5192
1361,Anakart,2671
1362,Harddisk,2672
1363,İşlemci,2673
1364,Bellek (RAM),2674
1365,Ekran Kartı,2675
1366,Bilgisayar Kasası,2676
1367,Bilgisayar Yedek Parça,2677
1368,Optik Sürücü,2678
1369,Power Supply (PSU),2679
1370,Server Donanımı,2680
1371,Ses Kartı,2681
1372,Soğutucu ve Overclock,2682
1373,SSD (Solid State Drive),2683
1374,TV Kartları,2684
1375,Bileşenler Paketi,5291
1376,Oyuncu Dizüstü Bilgisayarı,2696
1377,Oyuncu Masaüstü Bilgisayarı,2697
1378,Oyuncu Monitör,2701
1379,Media Player,1588
1380,DVD & Blu - Ray Oynatıcı,1893
1381,Sinema Sistemi,4000
1382,Soundbar,4001
1383,Ev Tipi Subwoofer ,4002
1384,Hoparlör Ayakları & Askıları,4003
1385,Receiver Amfiler,4004
1386,Portatif Sistemler,4005
1387,Stereo Amfiler,4008
1388,Uydu Yön Bulucular,4012
1389,Uydu Santrali,4013
1390,Çanak Antenler,4014
1391,Uydu Konnektörleri,4015
1392,Lnbler,4016
1393,Switchler,4017
1394,Uydu Bölücüler,4018
1395,E-pin ve Cüzdan Kodu,3000
1396,Hediye Kartı,3001
1397,Şans Oyunları,3408
1398,Etkinlik Kuponları,3409
1399,Dijital Ürünler,3410
1400,Hediye Çeki,3829
1401,Yazılım ve Program,3832
1402,Dijital Eğitim,3837
1403,Dijital Abonelik,3840
1404,GSM Paket ve Tarifeler,3841
1405,Güzellik ve Sağlık,5181
1406,Eğitim ve Kurs,5182
1407,Araç Bakım ve Lastik,5183
1408,Asistans Hizmetleri,5184
1409,Temizlik & Tadilat & Tamir,5185
1410,Kapak & Kılıf,766
1411,Kulaklıklar,775
1412,Cep Telefonu Yedek Parçaları,1060
1413,Ekran Koruyucu Film,2860
1414,Selfie Çubuğu,3224
1415,Güç Ürünleri,4944
1416,Akıllı Takip Cihazları,5274
1417,Müzik Sistemleri,777
1418,Konsol Aksesuarları,789
1419,Hoparlörler,1871
1420,Görüntü ve Ses Kabloları,1895
1421,TV Aksesuarları,1899
1422,Projeksiyon Ekipmanları,4983
1423,Konsol Gamepad ve Joystick,5287
1424,Playstation Aksesuarları,5288
1425,Nintendo Aksesuarları,5289
1426,Xbox Aksesuarları,5290
1427,Ağ - Modem,1581
1428,Veri Depolama,1593
1429,Yazılım Ürünleri,1594
1430,Oyuncu Donanımları,2698
1431,Çevre Birimleri,4954
1432,Çanta & Kılıflar,4960
1433,Akıllı Ev Sistemleri,4961
1434,Kablo & Sarf Malzemeler,4982
1435,Kedi Kuru Maması,1030
1436,Kedi Kumu,1032
1437,Kedi Ödülü,1285
1438,Kedi Tuvaleti,1286
1439,Kedi Tasması,1287
1440,Kedi Oyuncağı,1288
1441,Kedi Tırmalaması,1289
1442,Kedi Evi ve Kafesi,1290
1443,Kedi Konserve Maması,1291
1444,Kedi Kapısı,1293
1445,Yavru Kedi Bakım Ürünü,1296
1446,Kedi Vitamini,1298
1447,Kedi Çimi ve Catnip,1299
1448,Kedi Fırça ve Tarağı,1300
1449,Kedi Parfüm & Kolonyaları,1301
1450,Kedi Aksesuarı,1302
1451,Kedi Şampuanı,2149
1452,Kedi Kıyafeti,5006
1453,Kedi Makası,5007
1454,Kedi Koku Giderici,5008
1455,Köpek Sağlık Ürünü,5009
1456,Kedi Sağlık Ürünü,5015
1457,Köpek Kuru Maması,1031
1458,Köpek Konserve Maması,1348
1459,Köpek Ödülü,1350
1460,Köpek Yatakları,1351
1461,Köpek Tasması,1352
1462,Köpek Ağızlığı,1353
1463,Köpek Taşıma Çantaları,1354
1464,Köpek Şampuanları,1355
1465,Köpek Kıyafeti,1356
1466,Köpek Oyuncağı,1357
1467,Köpek Kafesi,1358
1468,Köpek Eğitim Ürünü,1359
1469,Köpek Çiti,1361
1470,Köpek Kulübesi,1362
1471,Köpek Vitamini,1363
1472,Köpek Kemiği,1364
1473,Köpek Parfüm & Kolonyaları,1365
1474,Köpek Aksesuarı,1366
1475,Köpek Tarağı,5010
1476,Köpek Makası,5011
1477,Köpek Koku Giderici,5012
1478,Akvaryum,1319
1479,Akvaryum Filtresi,1320
1480,Akvaryum Motorları,1321
1481,Akvaryum Isıtıcısı,1322
1482,Akvaryum Balık Yemi,1323
1483,Akvaryum Bakım Malzemesi,1328
1484,Akvaryum Sağlık Ürünü,1329
1485,Akvaryum Balık Yavruluğu,1330
1486,Akvaryum Aydınlatması,1331
1487,Akvaryum Dekor Ve Aksesuarı,1332
1488,Akvaryum Otomatik Yem Makinesi,1770
1489,Kuş Kafesi,1333
1490,Kuş Yemi,1334
1491,Kuş Kumu,1335
1492,Kuş Gaga Taşı,1336
1493,Kuş Suluğu,1337
1494,Kuş Yemlik Ve Mamalığı,1338
1495,Kuş Banyosu,1339
1496,Kuş Yuvası,1340
1497,Kuş Oyuncağı,1341
1498,Kuş Tüneği,1342
1499,Kafes Tülü,1343
1500,Kuş Sağlığı Ürünü,1344
1501,Hamster,1345
1502,Ginepig,1346
1503,Tavşan Yemi ve Ürünleri,1347
1504,Kaplumbağa Malzemesi,1375
1505,Sürüngen Yemi,1376
1506,Sürüngen Aydınlatması,1377
1507,Sürüngen Isıtması,1378
1508,Sürüngen Aksesuarı,1379
1509,Sürüngen Taban Malzemesi,1380
1510,Sürüngen Bakım Ürünü,1381
1511,Sürüngen Yuvası,2200
1512,Kedi ve Köpek Yatağı,1292
1513,Kedi ve Köpek Taşıma Çantası,1294
1514,Kedi ve Köpek Mama Su Kabı,1295
1515,Tüy Toplama Ürünleri,5014
1516,Islak Mendil,1423
1517,Kağıt Havlu,1424
1518,Kağıt Mendil,1425
1519,Kağıt Peçete,1426
1520,Tuvalet Kağıdı,1427
1521,Bulaşık Makinesi Deterjanı,1550
1522,Elde Bulaşık Deterjanı,1553
1523,Bulaşık Yan Ürün,2413
1524,Çamaşır Suyu,1564
1525,Çamaşır Leke Çıkarıcı,1567
1526,Çamaşır Deterjanı,2215
1527,Çamaşır Yumuşatıcısı,2354
1528,Makine Kireç Önleyici ve Temizleyici,2355
1529,Çamaşır Yan Ürün,2435
1530,Temizlik Gereçleri,1399
1531,Mutfak Sarf Malzemeleri,1401
1532,Ayakkabı Bakım,1561
1533,Haşere Öldürücü,1562
1534,Yüzey Temizlik,1400
1535,Mutfak & Banyo Temizlik,2218
1536,Tuvalet Temizlik,2442
1537,Oda ve Araba Kokusu,2453
1538,Avantajlı Ürün Paketleri,1403
1539,Ramazan & Kurban Paketleri,1404
1540,Bağış Ürünü,3662
1541,Bisküvi ve Kraker,1457
1542,Cips,1458
1543,Çikolata,1459
1544,Kek,1461
1545,Lokum,1463
1546,Sakız,1464
1547,Şekerleme,1465
1548,Tatlı,1467
1549,Unlu Mamül,1468
1550,Sağlıklı Atıştırmalık,2330
1551,Dondurma,3596
1552,Hurma,3696
1553,Gofret,5036
1554,Kuru Meyve,5038
1555,Kuruyemiş,5046
1556,Atıştırmalık Bar,5197
1557,Hazır Çorba,1431
1558,Konserve,1433
1559,Ton Balığı,1444
1560,Turşu,1445
1561,Yoğurt,1448
1562,Hazır Noodle,2450
1563,Dondurulmuş Gıda,3601
1564,Pratik Yiyecekler,3606
1565,Hazır Yemek,5070
1566,Kemik ve İlik Suyu,5084
1567,Asma Yaprağı,5101
1568,Meyve,1469
1569,Sebze,1470
1570,Dökme Çay,2895
1571,Bardak Poşet Çay,2896
1572,Demlik Poşet Çay,2897
1573,Bitki Çayları,4627
1574,Bitki Çayı,5057
1575,Enerji İçeceği,1415
1576,Kola,2891
1577,Gazoz,2892
1578,Malt İçecek,2893
1579,Soda & Maden Suyu,2894
1580,Granül Kahve,2398
1581,Türk Kahvesi,2399
1582,Filtre ve Çekirdek Kahve,2400
1583,Kapsül Kahve,2402
1584,Kahve Kreması ve Süt Tozu,2403
1585,Kahve Filtresi,2898
1586,Kahve Şurupları,3613
1587,Kahve Sosları,3614
1588,Tekli Poşet Kahve,4628
1589,Gurme & Organik Ürünler,1386
1590,Glutensiz Ürün,1406
1591,Gurme Ürün,1412
1592,Bitki ve Tohum,2444
1593,Diabetik Ürün,2445
1594,Polen ve Propolis,2446
1595,Vegan Vejetaryen Ürünler,4592
1596,Chia Tohumu,5081
1597,Aktar Ürünleri,5199
1598,Baharat,1428
1599,Bulyon,1429
1600,Çeşni,1430
1601,Kuru Bakliyat,1434
1602,Makarna,1435
1603,Tatlı Yapım Malzemesi,1443
1604,Tuz,1446
1605,Un,1447
1606,Şeker,1466
1607,İrmik,3626
1608,Maya,3955
1609,Krema,4666
1610,Kuru Sebze,5079
1611,Şehriye,5080
1612,Sos,1441
1613,Yağ,2449
1614,İçecek Tozu,1417
1615,Meyve Suyu,1419
1616,Su,1420
1617,Şalgam Suyu,1421
1618,Soğuk Kahve,2401
1619,Ayran,2404
1620,Sahlep,2405
1621,Soğuk Çay,2728
1622,Limonata,2900
1623,Buz,4089
1624,Boza,4091
1625,Kefir,5067
1626,Fonksiyonel İçecek,5068
1627,Sıcak Çikolata,5069
1628,Damacana Su,5247
1629,Deniz Ürünleri,3598
1630,Beyaz Et,3599
1631,Kırmızı Et,3600
1632,Şarküteri,1411
1633,Süt,1422
1634,Pekmez,1449
1635,Helva,1450
1636,Kahvaltılık Gevrek,1451
1637,Krem Çikolata ve Ezme,1452
1638,Peynir,1453
1639,Reçel,1454
1640,Yumurta,1455
1641,Zeytin,1456
1642,Kaymak,4090
1643,Kahvaltılık Sos,5072
1644,Bal,5073
1645,Müsli ve Granola,5075
1646,Marmelat,5076
1647,Tahin,5077
1648,Yulaf Ezmesi,5078
1649,Fındık Ezmesi,5109
1650,Fıstık Ezmesi,5110
1651,Sürülebilir Çikolata,5111
1652,Özel Ezme,5171
1653,Aromalı Süt,5279
1654,Cinsel Ürünler,1530
1655,Prezervatif,1769
1656,Gebelik Testi,4888
1657,Performans Ürünleri,5100
1658,Cinsel Jel,5233
1659,Cinsel Oyuncak,5240
1660,Cinsel Gıda,5267
1661,Amino Asit,1814
1662,Karbonhidrat (Mass ve Gainer),1815
1663,Kreatin,1816
1664,L-Karnitin ve CLA,1817
1665,Protein Bar,1818
1666,Protein Tozu,1819
1667,Shaker & Aksesuar,1820
1668,Güç ve Performans Ürünleri,2329
1669,Proteinli Besinler,4086
1670,Protein Tozları,4859
1671,Multivitamin,2321
1672,Vitamin,2322
1673,Balık Yağları,2323
1674,Glukozamin,2324
1675,Bitkisel Ürünler,2325
1676,Probiyotik ve Prebiyotik,2326
1677,Koenzim Q10,2327
1678,Diğer Takviyeler,2328
1679,Mineral,2331
1680,Kolajen,3958
1681,Burun ve Sırt Bantları,2379
1682,Göz ve Burun Damlası,2380
1683,Pamuk ve Kulak Çubuğu,2381
1684,Yakı ve Isıtıcı Ped,2382
1685,Ayak Sağlık,2384
1686,Diğer Sağlık Ürünleri,2386
1687,Test Kitleri,4535
1688,Lens Ürünleri,4856
1689,Hijyen Ürünleri,4857
1690,Kulak Bakım Aleti,4881
1691,Bant ve Isıtıcı Ürünler,4883
1692,Ağız ve Diş Sağlığı,5301
1693,Emici Külot,2389
1694,Hasta Bezi,2390
1695,Mesane Pedi,2391
1696,Perine Temizleme Havlusu,2392
1697,Yatak Koruyucu,2394
1698,Ortopedi Ürünleri,4854
1699,Sağlık Ölçüm Cihazı,4855
1700,Sarf Malzemeleri,5293
1701,Hacamat Malzemeleri,5300
1702,Varis Çorabı,4870
1703,Tekerlekli Sandalye,4871
1704,Baston,4872
1705,Koltuk Değneği,4873
1706,İlaç Saklama Kutusu,4874
1707,Hasta Yatağı,4875
1708,Hasta Destek Aparatı,4876
1709,Hasta Banyo Ürünleri,4877
1710,Hasta Bakım Kıyafeti,4878
1711,Siperlik,4023
1712,Nano ve Yıkanabilir Maske,4024
1713,Medikal Maske,4025
1714,Maske Aparatı,4029
1715,FFP Maske,5025
1716,N95 Maske,5026
1717,Masaj Cihazı,3550
1718,Masaj Topu,3784
1719,Masaj Masası,4048
1720,Masaj Yastığı,4610
1721,Masaj Tabancası,4675
1722,Masaj Yağı,5098
1723,Göğüs Pedi ve Koruyucu,999
1724,Göğüs Ucu Kremi,1168
1725,Çatlak Kremi,2889
1726,Bebek Kremi ve Yağı,1000
1727,Bebek Bakım Örtüsü,1004
1728,Bebek Fırça ve Tarağı,1007
1729,Diğer Bebek Bakım Ürünleri,1009
1730,Bebek Güneş Kremi,2165
1731,Bebek Pudrası ve Kolonyası,2334
1732,Bebek Diş Fırçası,2336
1733,Bebek Sabunu,2337
1734,Bebek Şampuanı,2338
1735,Bebek Bezi ve Islak Mendil,2890
1736,Bebek Bakım Seti,2987
1737,Bebek Diş Macunu,5085
1738,Burun Aspiratörü,5030
1739,Bebek Ateş Ölçer,5031
1740,"Damla, Serum, Sprey",5032
1741,Bebek Temizleme Pamuğu,5033
1742,Diğer Bebek Sağlık Ürünleri,5086
1743,Süt Arttırıcı İçecek,995
1744,Bebek Ek Besin,2340
1745,Bebek Maması,2341
1746,Bebek Deterjanı,3091
1747,Bebek Çamaşır Yumuşatıcısı,3092
1748,Bebek Leke Çıkarıcı,3093
1749,Biberon Emzik Temizleyici,3893
1750,Pikap & Gramofon,835
1751,Diğer Enstrümanlar,2912
1752,Gitar ve Ekipmanları,2913
1753,Muzik Aleti Aksesuarları,2914
1754,Nefesli Çalgılar,2915
1755,Sahne ve Studyo,2916
1756,Türk Müziği Enstrümanları,2917
1757,Tuşlu Çalgılar,2918
1758,Vurmalı Çalgılar,2919
1759,Yaylı Çalgılar,2920
1760,Piyano,3455
1761,Telli Çalgılar,3654
1762,Müzik Aleti Kılıfları,3663
1763,Piyano Aksesuarları,3691
1764,Enstrüman Telleri,3988
1765,Pikap İğnesi,3989
1766,Balon,2926
1767,Davetiye,2927
1768,Diğer Parti Malzemeleri,2928
1769,Doğum Günü Süsü,2929
1770,Düğün & Kına & Nikah,2930
1771,Parti Gözlüğü & Maske,2931
1772,Led Işık,3005
1773,Yılbaşı Ürünleri,3007
1774,Dilek Feneri,4051
1775,Plastik Tabak,4058
1776,Plastik Bardak,4059
1777,Plastik Çatal,4060
1778,Plastik Kaşık,4061
1779,Plastik Bıçak,4062
1780,Cupcake Standları,4063
1781,Popcorn Kutusu,4064
1782,Pipet,4065
1783,Cupcake Kapsülleri,4066
1784,Pasta Kürdanı,4067
1785,Pasta Mumu,4068
1786,Masa Eteği,4069
1787,Plastik Masa örtüsü,4070
1788,Doğum Günü Yazıları,4071
1789,Parti Setleri,4072
1790,Doğum Günü Flamaları,4073
1791,Balon Zinciri,4074
1792,Konfeti,4075
1793,Balon Standı,4076
1794,Parti Aksesuarları,4077
1795,Konuşma Balonları,4078
1796,Balon Pompası,4079
1797,Parti Perukları,4080
1798,Parti Taçları,4081
1799,Parti Şapkası,4082
1800,Parti Eldiveni,4083
1801,Parti Kostümü,4084
1802,Parti Peçetesi,4365
1803,Düğün&Kına &Nikah Malzemeleri,4366
1804,Balon Makinesi,4677
1805,Belgesel,2833
1806,Yerli Film,2834
1807,Animasyon&Çizgi Film,2838
1808,Yabancı Film,2847
1809,Plak,836
1810,Yerli Albümler,2831
1811,Bebek&Çocuk Müzikleri,2837
1812,Yabancı Albümler,2844
1813,Kumaş,3291
1814,Nakış Kitleri,3930
1815,Örgü Kitleri,3931
1816,Nakış İpi,3932
1817,Örgü İpi,3933
1818,Şişler,3934
1819,Tığlar,3935
1820,Keçe Malzemeleri,3936
1821,Boncuk,3937
1822,Kurdele,3938
1823,Fermuar,3939
1824,Kasnak,3941
1825,Düğme,3942
1826,Deri,3943
1827,İğne,3945
1828,Ponpon,3946
1829,Rafya,3947
1830,Güpür,3949
1831,Dantel,3950
1832,Tül,3951
1833,Dekoratif Şerit,3952
1834,Konsept Hediyelik,2854
1835,Kar Küresi,3011
1836,Hediye Sepeti,3012
1837,Hediye Kutusu,4053
1838,Hediye Poşeti,4055
1839,Müzik Kutusu,4056
1840,Paketleme Malzemeleri,4057
1841,Ödül Kupası,4372
1842,Madalya,4475
1843,Kumbara,4672
1844,Kum Saati,4673
1845,Kumandalı Araçlar,2232
1846,Drone,3003
1847,Drone Aksesuarı,3004
1848,RC Araçlar,4393
1849,Puzzle,828
1850,Maket,829
1851,Diğer Oyun Takımları,2921
1852,Okey Takımı,2923
1853,Satranç,2924
1854,Tavla,2925
1855,3D Yapboz,3466
1856,Puzzle Halısı,3512
1857,Puzzle Yapıştırıcısı,3513
1858,Tombala,3515
1859,Oyun Kartları,3516
1860,Kağıt Oyunları,4570
1861,Çakmaklar,4679
1862,Pipo & Pipo Malzemeleri,4685
1863,Puro Malzemeleri,4711
1864,Nargile & Nargile Aksesuarları,4732
1865,Sigara Aksesuarları,4735
1866,Psikoloji,696
1867,Bireysel Gelişim,1622
1868,Ruhsal & Metafizik,1625
1869,Sözlü İletişim ve Beden Dili,1626
1870,Stres Yönetimi,1627
1871,Zihinsel Gelişim,1630
1872,Yabancı Dil Çocuk Kitapları,1736
1873,Yabancı Dil Hobi Kitapları,1738
1874,Yabancı Roman,1740
1875,Bilgisayar Kitapları,1709
1876,Sınav Hazırlık,1712
1877,Sözlük ve İmla Kılavuzları,1713
1878,Yabancı Dil Eğitimi,1714
1879,Ders ve Yardımcı Kitaplar,2170
1880,Din Kitabı,1704
1881,Mitoloji Kitabı,1705
1882,Dergi,1638
1883,Çizgi Roman,1691
1884,Mizah & Karikatür,1692
1885,Gazeteler,4093
1886,Aktivite & Eğitici Kitaplar,1612
1887,Çocuk Masal ve Öykü Kitabı,1614
1888,Sesli Çocuk Kitapları,1619
1889,Çocuk Bakımı & Ebeveynlik,1675
1890,Hamilelik Kitabı,1676
1891,E-Kitap,1584
1892,Dijital Yayınlar,1639
1893,"Araştırma ,Tarih & Siyaset",688
1894,Akademik,689
1895,"Sağlık, Spor ve Diyet",1631
1896,Sanat,1632
1897,Hobi,1634
1898,"İş, Ekonomi & Pazarlama",1635
1899,Edebiyat,690
1900,Roman,1750
1901,Araç Dış Aksesuar,1914
1902,Araç İçi Aksesuarı,1915
1903,Araç Güvenliği,1916
1904,Diğer,1917
1905,Kış Ürünleri,1918
1906,Motor Bakım Ürünleri,1919
1907,Oto Bagaj Ürünleri,1920
1908,Oto Lastik & Lastik Bakım,1921
1909,Oto Ses Görüntü Sistemleri,1922
1910,Elektronik & Ses Sistemi,2718
1911,Otomobil Yedek Parçalar,3015
1912,Otomobil Yedek Parça,4102
1913,Oto Akü ve Aksesuarları,4751
1914,Oto Bakım & Temizlik,4775
1915,Modifiye Ürünleri,4788
1916,Motosiklet Aksesuarları,793
1917,Motosiklet Ekipmanları,1985
1918,Motosiklet Koruma Ekipmanları,2006
1919,Motosiklet Yedek Parçalar,2714
1920,Motosiklet Giyim,2715
1921,Motosiklet Bakım,2721
1922,Motosiklet Yedek Parça,4115
1923,Elektrikli Motosiklet,4593
1924,Suluk & Matara,814
1925,Büyüteç,1506
1926,Cetvel,1507
1927,Makas,1513
1928,Zımba,1517
1929,El İşi Malzemeleri,1518
1930,Etiketler,1522
1931,Silgiler,1523
1932,Yapıştırıcılar,1524
1933,Boya Malzemeleri,2035
1934,Mürekkep,2145
1935,Laboratuvar Malzemeleri,2176
1936,Yazı Tahtası & Pano,2793
1937,Kalem,2904
1938,Bayrak,3747
1939,Zarf Açacağı,3849
1940,Paket Lastiği,3851
1941,Delgeç,3854
1942,Pergel,3855
1943,Sayı Boncuğu,3856
1944,Abaküs,3857
1945,Resim Klasörü,3858
1946,Deney Malzemeleri,3859
1947,Küre,3860
1948,Harita,3861
1949,Kırtasiye Seti,4478
1950,Boyama Seti,4479
1951,Ayraç ve Seperatör,2839
1952,Klasörler,2842
1953,Dosyalar,2849
1954,Sekreterlik,3847
1955,Arşivleme Kutusu,3848
1956,Hesap Makinesi,1509
1957,Ciltleme Makinesi & Malzemeler,1834
1958,Etiket Makineleri,1835
1959,Evrak İmha Makinesi,1836
1960,Faks Makinesi,1837
1961,Fotokopi Makinesi,1838
1962,"Kartuş, Toner & Drum",1839
1963,Para Sayma Makinesi,1840
1964,Piller & Şarj Cihazları,1841
1965,Sahte Para Kontrol Cihazı,1842
1966,Santral,1843
1967,"Tepegöz, Projeksiyon Cihazı",1844
1968,Yazarkasa ve Terazi,1845
1969,Para Çekmecesi,3293
1970,Selefon Makinesi,4030
1971,Boyalar,2022
1972,Sanatsal Kağıtlar & Kalemler,2023
1973,Resim Paleti,3449
1974,Proje Çizim Çantaları,3450
1975,Şövale,3451
1976,Fırça,3452
1977,Tuval,3453
1978,Ebru Seti,3539
1979,Boyama Önlüğü,3873
1980,Bant & Bant Makinesi,1505
1981,Kalemlik & Ataşlık,1511
1982,Kaşe ve Istanpa,1512
1983,Yaka Kartı & Aksesuarları,1516
1984,Ataşlar,1521
1985,Kırtasiye Kağıt Ürünleri,2175
1986,Kartvizitlik,3084
1987,Daksil,3850
1988,Masaüstü Organizer,3852
1989,Sümen Takımı,3853
1990,Mangal & Barbekü,798
1991,Bahçe Sulama,802
1992,Bahçe Dekorasyonu,803
1993,Bahçe Makineleri,804
1994,Çiçek & Bitki Yetiştirme,2583
1995,Küçük El Aletleri,2584
1996,Havuz Ürünleri,2585
1997,Bungalov Evler,5269
1998,Prefabrik Evler,5270
1999,El Aletleri,1757
2000,Elektrikli El Aletleri,1759
2001,Manuel El Aletleri,2502
2002,Hırdavat,2520
2003,Güvenlik Ürünleri,2554
2004,İnşaat Malzemeleri,2561
2005,Banyo Yapı Malzemeleri,2569
2006,Elektrik & Tesisat Malzemeleri,4543
2007,Isınma & Soğutma Sistemleri,4727
2008,Enerji Sistemleri,4765
2009,3 Tekerlekli Bebek Arabası,1808
2010,Baston Puset,1809
2011,Bebek Arabası,1810
2012,İkiz Bebek Arabası,1811
2013,Seyahat Sistem Bebek Arabası,1812
2014,Bebek Arabası Aksesuar,4088
2015,Aydınlatma,1857
2016,Diğer Oda Aksesuarları,1859
2017,Telsiz&Kamera&Dedektör,1049
2018,Arabada Güvenlik,1867
2019,Güvenlik Kapısı,1868
2020,Koruyucu Tekstil,1869
2021,Koruyucu ve Kilit,1870
2022,Mama Sandalyesi,979
2023,Mama Sandalyesi Minderi,5220
2024,Oto Koltuğu,980
2025,Oto Koltuğu Aksesuarları,1176
2026,Akülü Araçlar,1782
2027,Pedallı Araçlar,1783
2028,Çocuk Bisikleti,1546
2029,Çocuk Pateni,1547
2030,Çocuk Scooterı,1548
2031,Çocuk Kaykay,4495
2032,Kask ve Güvenlik Aksesuarları,4537
2033,Deniz Malzemeleri,1578
2034,Plaj Oyuncakları,1579
2035,Şişme Havuz & Aksesuarları,1580
2036,Bebek & Aktivite Oyuncakları,1013
2037,Banyo Oyuncakları,1787
2038,Dişlik ve Çıngırak,1788
2039,Dönence ve Projektör,1789
2040,Oyun Halısı,1790
2041,Puset&Mama Sandalyesi Oyuncağı,1791
2042,Sallanan Oyuncaklar,1792
2043,Uyku Arkadaşları,1793
2044,Emekleme Oyuncakları,4492
2045,Kukla,4493
2046,Amigurumi,4494
2047,Spor Oyuncakları,1200
2048,Oyun Çadırı,3676
2049,Oyun Parkları,4488
2050,Çocuk Salıncak,4489
2051,Kaydırak,4490
2052,Top Havuzu ve Toplar,4491
2053,Hayvan Figür Oyuncaklar,4498
2054,Karakter Figür Oyuncaklar,4499
2055,Diğer Figür Oyuncaklar,4500
2056,Sürpriz Oyuncaklar Figürleri,4501
2057,Alışveriş Setleri,4503
2058,Evcilik ve Mutfak Setleri,4504
2059,Oyuncak Bilim Setleri,4505
2060,Meslek Setleri,4506
2061,Müzik Oyuncakları,4507
2062,Kumandalı Oyuncaklar,831
2063,Oyuncak Arabalar,2255
2064,Oyuncak Otobüs ve Minibüsler,4510
2065,Oyuncak Kamyon ve İş Makineler,4511
2066,Oyuncak Helikopter ve Uçaklar,4512
2067,Oyuncak Tren ve Demiryolu,4513
2068,Araç Setleri,4514
2069,Bez Bebek,4517
2070,Et Bebek,4518
2071,Model Bebek,4519
2072,Bebek Banyo Aksesuarları,453
2073,Bebek Küveti,1006
2074,Klozet Adaptörü & Lazımlık,1008
2075,Beslenme Aksesuarları,993
2076,Alıştırma Bardağı,1862
2077,Mama Önlüğü,1865
2078,Biberon Isıtıcı ve Sterilizatör,2233
2079,Biberon,4482
2080,Emzik,4483
2081,Mama Seti,5222
2082,Göğüs Pompası,994
2083,Emzirme Örtüsü,1863
2084,Emzirme Yastığı,1864
2085,Emzirme ve Süt Saklama Aksesuarları,5218
2086,Kayak Ayakkabısı,2080
2087,Kızak,4526
2088,Snowboard Tahtası,4626
2089,Kayak,5262
2090,Snowboard,5263
2091,Ağırlık Eldiveni,1603
2092,Ağırlık Sehpaları,1604
2093,Barfiks ve Şınav Barları,1605
2094,Çalışma İstasyonları,1606
2095,Dambıllar ve Ağırlık Plakaları,1607
2096,Kondisyon Küreği,1608
2097,El ve Ayak Ağırlıkları,1906
2098,Kondisyon Aletleri,1907
2099,Kondisyon Bisikletleri,1908
2100,Koşu Bantları,1909
2101,Step,1911
2102,Twister,1912
2103,Dambıl Standı,3534
2104,Egzersiz Aletleri,3709
2105,El Yayı,3710
2106,Mekik Aleti,3748
2107,Mekik Sehpası,3749
2108,Egzersiz Bandı,3750
2109,Training Sled,3775
2110,Halter Barı,3900
2111,Ağırlık Kemeri,3911
2112,Sauna Kemeri,3912
2113,Ağırlık Topu,3953
2114,Ağırlık Yeleği,4674
2115,Ağırlık Çekiş Barı,4676
2116,Bisiklet,2044
2117,Bisiklet Aksesuarları,2045
2118,Bisiklet Freni,3678
2119,Bisiklet Bakım Aletleri,3679
2120,Bisiklet Lastiği,3680
2121,Bisiklet Selesi,3681
2122,Jant Teli,3683
2123,Bisiklet Pedalı,3684
2124,Arka Aktarıcı,3685
2125,Ön Aktarıcı,3686
2126,Bisiklet Gidonu,3687
2127,Tamir Ekipmanları,3688
2128,Bisiklet Aynası,3689
2129,Bisiklet Vites Kolu,3690
2130,Elektrikli Bisiklet,3716
2131,Bisiklet Farı,3717
2132,Bisiklet Kaskı,3898
2133,Bisiklet Gözlüğü,3899
2134,Bisiklet Kilidi,3903
2135,Bisiklet Eldiveni,3904
2136,Bisiklet Jantı,4584
2137,Elektrikli Bisiklet Aksesuarları,5271
2138,Dalış Aksesuarları,2046
2139,Denge Yeleği,2047
2140,Maske & Şnorkel,2048
2141,Palet & Patik,2049
2142,Regülatörler,2050
2143,Zıpkın & Zıpkın Aksesuarları,2051
2144,Dalış Eldiveni,3241
2145,Dalış Elbisesi,3495
2146,Dalış Bilgisayarı,3915
2147,Dalış Saati,3916
2148,Dalış Kamerası,3917
2149,Dalış Regülatörü,3918
2150,Dalış Çorabı,3919
2151,Burun Tıkacı,3920
2152,Kulak Tıkacı,3921
2153,Dalış Tüpü Parçaları,3922
2154,Dalış Tüpü,3923
2155,Dalış Maskesi,3924
2156,Dalış Çantası,3925
2157,Dalgıç Yeleği,3926
2158,Dalış Bıçağı,3927
2159,Dalış Feneri,3928
2160,Kamp Mutfak Ürünleri,1037
2161,Elektronik - Optik Ürünler,2036
2162,Şişme Mat - Yastık,2041
2163,Şişme Yataklar - Koltuklar,2042
2164,Çadır ve Çadır Aksesuarları,2069
2165,Çakı & Bıçak Aksesuarları,2070
2166,Outdoor Aksesuarları,2071
2167,Kamp Sandalyesi,2958
2168,Kamp Masası,3240
2169,Kamp Masa&Sandalye Seti,3531
2170,Kamp Seti,3729
2171,Kamp Matı,3730
2172,Kamp Lambası,3731
2173,Kamp Tozluk,3732
2174,Kamp Çakmakları,3901
2175,Kamp Isıtıcıları,4536
2176,Kamp Sandalyesi Aksesuarları,5259
2177,Kamp Küreği,5272
2178,Elektronik Optik Ürünler,5282
2179,Can Yelekleri,2061
2180,Kolluk & Simit,2062
2181,Şişirme Pompası,2063
2182,Şişme Bot,2064
2183,Havuz,2065
2184,Su Sporu Malzemeleri,2214
2185,Bone,3561
2186,Su Ürünleri Seti,3562
2187,Deniz Gözlüğü,3563
2188,Havuz Üst Kapama Bezi,3894
2189,Havuz Alt Taban Bezi,3895
2190,Yüzücü Malzemeleri,3965
2191,Deniz Yatağı,3984
2192,Plaj Tenisi,4704
2193,Deniz Topu,4705
2194,Şişme Bot Küreği,5003
2195,Baton,2066
2196,Emniyet Malzemeleri,2067
2197,Dağcılık Malzemeleri,2068
2198,Olta Misinası,2203
2199,Olta,2204
2200,Olta Makinesi,2205
2201,Suni Yem,2206
2202,Olta Kurşunu,2207
2203,Olta Çantası,3737
2204,Balıkçılık Aksesuarları,3738
2205,Olta Kaşığı,3739
2206,Olta Kamışı,3740
2207,Olta İğnesi,3741
2208,Olta Seti,3742
2209,Fırdöndü,3743
2210,Şamandıra,3744
2211,Balık Ağı ,5257
2212,Hazır Olta Takımı ,5258
2213,Balık Bulucular,5281
2214,Kaykay,1598
2215,Kaykay Aksesuarları,2199
2216,Paten,2210
2217,Scooter,2211
2218,Paten Aksesuarları,2212
2219,Scooter Aksesuarları,2213
2220,Hoverboard,3715
2221,Elektrikli Scooter,3905
2222,Buz Pateni,4585
2223,Elektrikli Scooter Aksesuarları,5260
2224,Tenis Malzemeleri,3635
2225,Masa Tenisi Seti,3636
2226,Tenis Topu,3637
2227,Masa Tenisi Topu,3638
2228,Masa Tenisi Raketi,3639
2229,Masa Tenisi Masası,3640
2230,Tenis Çantası,3641
2231,Tenis Seti,3642
2232,Masa Tenisi Filesi,3643
2233,Tenis Raketi,3644
2234,Voleybol Filesi,3723
2235,Voleybol Direği,3724
2236,Plaj Voleybolu,3725
2237,Voleybol Topu,3819
2238,Sporcu Aksesuarları,826
2239,Spor Malzemeleri,827
2240,Koruyucu Aksesuarlar,987
2241,Kaleci Eldiveni,2988
2242,Çanta Yağmurluğu	,3824
2243,Pilates Malzemeleri,1910
2244,Yoga Malzemeleri,1913
2245,Futbol Topu,3555
2246,Hakem Bayrağı,3556
2247,Hakem Kartı,3557
2248,Amerikan Futbolu Topu,3560
2249,Futbol Taktik Tahtası,3583
2250,Tekmelik,3584
2251,Kale Filesi,3585
2252,Pazuband,3587
2253,Antrenman Malzemeleri,3589
2254,Basketbol Topu,3559
2255,Basketbol Malzemeleri,3575
2256,Basketbol Kolluğu,3576
2257,Basketbol Bilekliği,3577
2258,Basketbol Seti,3578
2259,Basketbol Çemberi,3580
2260,Basketbol Filesi,3581
2261,Basketbol Taktik Tahtası,3582
2262,Basketbol Potası,4607
2263,Dart Tahtası,3567
2264,Dart Seti,3568
2265,Dart Oku,3569
2266,Dart Matı,3570
2267,Dart Malzemeleri,3813
2268,Dart Şaft,3814
2269,Badminton Seti,3572
2270,Badminton Raketi,3573
2271,Badminton Topu,3574
2272,Badminton Gribi,4609
2273,Beyzbol Sopası,3591
2274,Beyzbol Seti,3592
2275,Beyzbol Eldiveni,3593
2276,Beyzbol Topu,3594
2277,Silah Kılıfı,3735
2278,Avcılık Aksesuarları,3736
2279,Güreş Mankeni,3757
2280,Güreş Minderi,3759
2281,Crossfit Halatı,3762
2282,Tırmanma İp Merdiveni,3763
2283,Bulgar Çantası,3764
2284,Crossfit Çekiç,3765
2285,Zıplama Kutusu,3766
2286,Plyometric Box,3767
2287,Monkey Bar,3768
2288,Crossfit Ekipmanları,3769
2289,Atlama Mankeni,3771
2290,Kalkan,3772
2291,Omuz Koruyucu,3773
2292,Amerikan Futbolu Kaskı,3774
2293,Çim Hokeyi,3777
2294,Buz Hokeyi,3778
2295,Hokey Eldiveni,3779
2296,Çim Hokeyi Topu,3780
2297,Çim Hokeyi Sopası,3781
2298,Buz Hokeyi Sopası,3782
2299,Buz Hokeyi Diski,3783
2300,Muay Thai Kaskı,3786
2301,Muay Thai Eldiveni,3787
2302,Müsabaka Atleti,3791
2303,Baldır Koruyucu,3792
2304,Boks Şortu,3794
2305,Kick Boks Ayak Botu,3795
2306,Boks Torbası Aparatı,3796
2307,Boks Topu,3797
2308,Boks Bandajı,3798
2309,Boks Kaskı,3799
2310,Boks Master,3801
2311,Boks Kafesi,3802
2312,Kick Boks Lapası,3803
2313,Dişlik,3804
2314,Spor Kemeri,3805
2315,Darbe Yastığı,3806
2316,Boks Standları,3807
2317,Boks Seti,3808
2318,Boks Torbası,3809
2319,Boks Eldiveni,3810
2320,Squash Raketi,4037
2321,Squash Topu,4039
2322,Squash Gribi,4040
2323,Taekwondo,3752
2324,Judo & Aikido,4524
2325,Karate,4525
2326,Bowling Aksesuarları,4580
2327,Bowling Topları,4581
2328,Bowling Ayakkabısı,4582
2329,Bowling Seti,4583
2330,Golf Eldiveni,4599
2331,Golf Çantası,4600
2332,Mini Golf Sahası,4601
2333,Golf Topu,4602
2334,Golf Sopası,4603
2335,Okçuluk Hedef Tahtası,4630
2336,Okçu Aksesuarları,4631
2337,Yay Aksesuarları,4647
2338,Yaylar,4665
2339,Jimnastik Malzemeleri,4709
2340,Jimnastik Minderi,4710
2341,Hentbol Topu,4794
2342,Gümüş Halhal,3499
2343,Bijuteri Halhal,3500
2344,Altın Halhal,3501
2345,Tek Kişilik Battaniye,2249
2346,Çift Kişilik Battaniye,2250
2347,Battal Boy Battaniye,4943
2348,Tek Kişilik Çarşaf Takımı,2264
2349,Çift Kişilik Çarşaf Takımı,2265
2350,Battal Boy Çarşaf Takımı,4971
2351,Tek Kişilik Nevresim,2247
2352,Çift Kişilik Nevresim,2248
2353,Battal Boy Nevresim,3447
2354,Tek Kişilik Pike&Pike Takımı,2262
2355,Çift Kişilik Pike&Pike Takımı,2263
2356,Battal Boy Pike Takımı,4970
2357,Tek Kişilik Uyku Seti,2260
2358,Çift Kişilik Uyku Seti,2261
2359,Battal Boy Uyku Seti,4969
2360,Yastık,1850
2361,Yastık Kılıfı,1851
2362,Yastık Alezi,3412
2363,Tek Kişilik Yatak Örtüsü,2251
2364,Çift Kişilik Yatak Örtüsü,2252
2365,Battal Boy Yatak Örtüsü,4968
2366,Tek Kişilik Yorgan,2258
2367,Çift Kişilik Yorgan,2259
2368,Battal Boy Yorgan,4966
2369,Sandıklar,2416
2370,Berjer,928
2371,Kanepe,2109
2372,Köşe Takımı,2110
2373,Puf & Bench,2111
2374,TV Koltuğu,2112
2375,Koltuk Takımları,2422
2376,Orta Sehpa,2113
2377,Yan Sehpa,2114
2378,Zigon,2115
2379,Mutfak Dolapları,2128
2380,Mutfak Masaları,2129
2381,Mutfak Masası Takımları,2130
2382,Mutfak Sandalyeleri,2177
2383,Tabureler,2417
2384,Bebek Odası Takımı,2097
2385,Beşik,2098
2386,Bebek Odası Sandalye & Koltuk,2099
2387,Çocuk Dolap,4991
2388,Emzirme Koltuğu,4992
2389,Çocuk Kitaplık,4993
2390,Bebek Yatak,4995
2391,Çocuk Hamakları,4997
2392,Aktivite Masası & Merkezi,1786
2393,Çocuk Odası Takımı,2121
2394,Genç Odası Takımı,2423
2395,Ranza,3289
2396,Çocuk Komodin & Şifonyer,4994
2397,Oyuncak Dolabı,4996
2398,Montessori Çocuk Odası,4999
2399,Arabalı Yatak,5000
2400,Çocuk Çalışma Masası,5001
2401,Çocuk Çalışma Sandalyesi,5002
2402,Makarna Tabağı,4375
2403,Kayık Tabak,4376
2404,Çukur Tabak,4377
2405,Servis Tabağı,4378
2406,Pasta Tabağı,4380
2407,Sütlük,4418
2408,Şekerlik,4419
2409,Kahve Fincanları,4421
2410,Kupalar,4422
2411,Çay Kaşığı,4423
2412,Çay Tabağı,4424
2413,Çay Bardağı,4425
2414,Çay Fincanları,4845
2415,Konyak Kadehi,4427
2416,Martini Kadehi,4428
2417,Su Kadehi,4852
2418,Shot Bardağı,4432
2419,Viski Bardağı,4433
2420,Rakı Bardağı,4434
2421,Bira Bardağı,4435
2422,Çift Cidarlı Bardak,4436
2423,Su Bardağı,4849
2424,Masat,4451
2425,Bıçak Setleri,4452
2426,Pasta Bıçağı,4453
2427,Et Bıçağı,4454
2428,Peynir Bıçağı,4455
2429,Ekmek Bıçağı,4456
2430,Döner Bıçağı,5021
2431,Zırh Bıçağı,5022
2432,Satır Bıçağı,5023
2433,Demlik,4462
2434,Çay Süzgeci,4463
2435,Moka Pot,3083
2436,Dripper,3751
2437,Aeropress,4465
2438,Syphon,4467
2439,Chemex,4468
2440,Hamur Şekillendirici,5028
2441,Koku Önleyici,2362
2442,Ayak Bakım Cihazı,2363
2443,Yüz Temizleme Cihazı,2857
2444,Dermaroller,2882
2445,Yüz Masaj Aleti,3615
2446,Siyah Nokta Temizleme Aleti,4823
2447,Yüz Temizleme Fırçası,4824
2448,Trendyol Hediye Çeki,3830
2449,Yemek Çeki,3831
2450,Eğitim Yazılımları,3833
2451,Ticari Yazılımlar,3834
2452,Microsoft Office Programları,3835
2453,AntiVirüs Programı,3836
2454,Online Eğitim,3838
2455,Paket / TL Yükleme,3842
2456,Bilgisayardan Internet Paketi,3843
2457,Cepten Internet Paketi,3845
2458,Kulak içi TWS Bluetooth Kulaklık,1058
2459,Kulak İçi Kablolu Kulaklık,1778
2460,Kulak Üstü Kablolu Kulaklık,1779
2461,Kulaklık Kılıfı,3494
2462,Kulak üstü Bluetooth Kulaklık,5195
2463,Boyun Bantlı Bluetooth kulaklık,5196
2464,Batarya,770
2465,Ekran,1061
2466,Telefon Kasası,1063
2467,Tuş Takımı,1064
2468,Kamera,2151
2469,Powerbank,771
2470,Şarj Cihazı & Kablo,772
2471,Mikrofon,778
2472,MP Player & Ses Kayıt Cihazı,2222
2473,Alarm Saatli Radyolar,4006
2474,Müzik Setleri & Radyolar,4007
2475,Bluetooth Hoparlör,774
2476,Kablolu Hoparlör,4021
2477,Dönüştürücüler,3990
2478,Scart Kablolar,3991
2479,Uzatıcı & Çoklayıcılar,3992
2480,Ekran Temizleme Ürünleri,3993
2481,HDMI Kablo & Adaptörler,3994
2482,Ses Kabloları,3995
2483,TV Ekran Koruyucular,4009
2484,Uzaktan Kumandalar,4010
2485,TV Askı Aparatları,4011
2486,Projeksiyon Aksesuarları,1897
2487,Projeksiyon Perdesi,3997
2488,Projeksiyon Sunum Kumandaları,3998
2489,Projeksiyon Askı Aparatları,3999
2490,Elektronik Devre Elemanları,3094
2491,VDSL Modemler,3506
2492,ADSL Modemler,3507
2493,Access Point,4740
2494,Network Aksesuarları,4741
2495,Menzil Genişletici,4742
2496,Routerlar,4743
2497,Wireless Adaptör,4744
2498,Çoklu Depolama Ünitesi,1872
2499,Hafıza Kartı,1873
2500,Taşınabilir Hard Disk,1874
2501,Taşınabilir SSD,1875
2502,USB,1876
2503,Oyuncu Mousepad,2699
2504,Oyuncu Kulaklık,2700
2505,Oyuncu Mouse,2702
2506,Oyuncu Klavyesi,2850
2507,Yayıncı Aksesuarları,4980
2508,Oyuncu Klavye Mouse Set,4981
2509,Klavye,1586
2510,Mouse,1590
2511,Notebook Soğutucu,1591
2512,UPS,2723
2513,Mousepad,2886
2514,Webcam,3517
2515,Monitör Aparatı,4955
2516,Tablet Standı,4956
2517,Notebook Adaptörleri,4957
2518,Bilgisayar Hoparlörü,4958
2519,Klavye Mouse Set,4959
2520,Tablet Kılıfı,2989
2521,Akıllı Güvenlik Ürünleri,4962
2522,Akıllı Kamera,4963
2523,Akıllı Priz,4964
2524,Yazılabilir DVD,3815
2525,Yazılabilir CD,3816
2526,Çevirici Dönüştürücü,4949
2527,Data Kablosu,4950
2528,Güç Kablosu,4951
2529,Network Kablosu,4952
2530,Monitör Kabloları,4953
2531,Diğer Bulaşık Yıkama Ürünleri,1552
2532,Bulaşık Makinesi Temizleyici ve Koruyucu,1556
2533,Bulaşık Parlatıcısı,1557
2534,Bulaşık Tuzu,1558
2535,Bulaşık Makinesi Kokusu,3969
2536,Halı Şampuanı,1559
2537,Tül & Perde Deterjanı,1560
2538,Çamaşır Kokusu & Parfümü,2356
2539,Renk Koruyucu Mendil,2357
2540,Bulaşık Süngeri ve Fırçası,2459
2541,Cam Silecek,2460
2542,Diğer Ev Temizlik Gereçleri,2461
2543,Paspas ve Mop,2463
2544,Temizlik Bezi,2464
2545,Temizlik Fırçası ve Süpürge,2465
2546,Temizlik Kovası,2466
2547,Tüy Toplayıcı,2467
2548,Temizlik Eldiveni,3966
2549,Alüminyum Folyo,1472
2550,Buzdolabı Poşeti,1473
2551,Çöp Torbası,1474
2552,Piknik Malzemesi,1475
2553,Pişirme Kağıdı ve Torbası,1476
2554,Streç Film,1478
2555,Pişirme ve Servis Malzemesi,2468
2556,Haşere İlacı,2436
2557,Sinek İlacı ve Kovucu,2437
2558,Ahşap Temizleyici ve Parlatıcı,1479
2559,Cam ve Parlak Yüzey Temizleyici,1480
2560,Yüzey Temizleyici,2457
2561,Lavabo Açıcı,2440
2562,Yağ Çözücü ve Kireç Sökücü,5005
2563,Tuvalet Temizleyici,1481
2564,Tuvalet Koku Giderici,2458
2565,Araba Kokusu,2454
2566,Koku Giderici ve Hava Temizleyici,2456
2567,Kuru Pasta,3632
2568,Yufka,3633
2569,Pastalar,3634
2570,Ekmek,3882
2571,Simit,3889
2572,Poğaça,3890
2573,Çörekler,3891
2574,Kraker,3892
2575,Meyve Kurusu,5039
2576,Kuru Dut,5040
2577,Kuru Erik,5041
2578,Kuru İncir,5042
2579,Kuru Elma,5043
2580,Kuru Kayısı,5044
2581,Kuru Üzüm,5045
2582,Antep Fıstığı,5047
2583,Ay Çekirdeği,5048
2584,Badem,5049
2585,Ceviz,5050
2586,Fındık,5051
2587,Kabak Çekirdeği,5052
2588,Kaju,5053
2589,Karışık Kuruyemiş,5054
2590,Leblebi,5055
2591,Yer Fıstığı,5056
2592,Diğer Kuruyemiş,5082
2593,Bezelye,5102
2594,Enginar,5103
2595,Garnitür,5104
2596,Konserve Mısır,5105
2597,Haşlanmış Ürünler,5106
2598,Közlenmiş Ürünler,5107
2599,Mantar,5108
2600,Diğer Konserve Ürünleri,5170
2601,Dondurulmuş Hamur İşleri,3602
2602,Dondurulmuş Sebze,3603
2603,Dondurulmuş Meyve,3604
2604,Dondurulmuş Et Ürünleri,3605
2605,Sandviç,3607
2606,Börek,3608
2607,Meze,3954
2608,Adaçayı,5058
2609,Beyaz Çay,5059
2610,Ihlamur,5060
2611,Kış Çayı,5061
2612,Kuşburnu,5062
2613,Melisa Çayı,5063
2614,Papatya Çayı,5064
2615,Rezene,5065
2616,Yeşil Çay,5066
2617,Diğer Bitki Çayları,5083
2618,Baharat Paketi,5122
2619,Çörekotu,5123
2620,Hindistan Cevizi,5124
2621,Kajun Baharatı,5125
2622,Karabiber,5126
2623,Kekik,5127
2624,Kimyon,5128
2625,Kuş Üzümü,5129
2626,Nane,5130
2627,Pul Biber,5131
2628,Sumak,5132
2629,Susam,5133
2630,Tarçın,5134
2631,Toz Biber,5135
2632,Zencefil,5136
2633,Zerdeçal,5137
2634,Diğer Baharat,5174
2635,Dolmalık Fıstık,5175
2636,Barbunya,5138
2637,Buğday,5139
2638,Bulgur,5140
2639,Fasulye,5141
2640,Kinoa,5142
2641,Kırmızı Mercimek,5143
2642,Maş Fasulyesi,5144
2643,Nohut,5145
2644,Pirinç,5146
2645,Tarhana,5147
2646,Yeşil Mercimek,5148
2647,Diğer Kuru Bakliyat,5176
2648,Patlayan Mısır,5177
2649,Gıda Boyası,5151
2650,Kabartma Tozu,5152
2651,Kakao,5153
2652,Krem Şanti,5154
2653,Kuvertür Çikolata,5155
2654,Nişasta,5156
2655,Pasta Süsü,5157
2656,Puding,5158
2657,Pudra Şekeri,5159
2658,Pul Çikolata,5160
2659,Şeker Hamuru,5161
2660,Vanilya,5162
2661,Diğer Tatlı Yapım Malzemesi,5178
2662,Kek ve Pasta Karışımları,5202
2663,Jelatin,5203
2664,Gıda Aroması,5204
2665,Tatlı Sosları,5205
2666,Badem Unu,5163
2667,Buğday Unu,5164
2668,Galeta Unu,5165
2669,Mısır Unu,5166
2670,Pirinç Unu,5167
2671,Tam Buğday Unu,5168
2672,Un Karışımları,5169
2673,Diğer Un,5179
2674,Tatlandırıcı,1442
2675,Küp Şeker,5149
2676,Toz Şeker,5150
2677,Ketçap,1432
2678,Mayonez,1437
2679,Salça,1438
2680,Sirke ve Nar Ekşisi,1440
2681,Diğer Soslar,2451
2682,Makarna ve Salata Sosu,2452
2683,Margarin,1436
2684,Sıvı Yağ,1439
2685,Zeytinyağı,3541
2686,Tereyağ,3627
2687,Jambon,5112
2688,Kavurma,5113
2689,Kuru Et,5114
2690,Pastırma,5115
2691,Salam,5116
2692,Sosis,5117
2693,Sucuk,5118
2694,Diğer Şarküteri Ürünü,5172
2695,Hindi Füme,5248
2696,Yeşil Zeytin,5119
2697,Siyah Zeytin,5120
2698,Zeytin Ezmesi,5121
2699,Geciktirici Jel,1531
2700,Kayganlaştırıcı Jel,2376
2701,Cinsel Masaj Jeli,5099
2702,Göğüs Kremi,5236
2703,Vajinal Krem,5238
2704,Penis Kremi,5239
2705,Anal Oyuncak,5092
2706,Penis Halkası,5094
2707,Penis Pompası,5095
2708,Şişme Bebek,5096
2709,Vibratör,5097
2710,Mastürbatör,5234
2711,Yapay Göğüs,5235
2712,Fantezi Ürünleri,5241
2713,Penis Kılıfı,5242
2714,Dildo,5243
2715,Whey Protein,4860
2716,Kompleks Protein,4861
2717,İzole Protein,4862
2718,Diğer Protein Tozları,4863
2719,Lens Solüsyonu,3533
2720,Lens Kabı,4879
2721,Saç Bonesi,2393
2722,Dezenfektan,3286
2723,Hijyenik Eldiven,3509
2724,Galoş,3510
2725,Antibakteriyel Jel,4882
2726,Yara Bandı,2383
2727,Yakı Bandı,4884
2728,Nasır Bandı,4885
2729,Burun Bandı,4886
2730,Ağrı Bandı,4887
2731,Sıcak Su Torbası ve Isıtıcı Ped,5004
2732,Yanık Ürünleri,5212
2733,Tabanlık,2361
2734,Ayak Sağlık Ürünleri,2387
2735,Ortopedik Minder,4858
2736,Medikal Korse,4866
2737,"Dizlik, Bileklik ve Dirseklik",4867
2738,Ortopedik Boyunluk,5087
2739,Ateş Ölçer,3520
2740,Tansiyon Aleti,3532
2741,Oksimetre,4864
2742,Diğer Sağlık Ölçüm Cihazı,4865
2743,Nebulizatör,5292
2744,Flaster,5294
2745,Spanç,5295
2746,Sargı Bezi,5296
2747,Gazlı Bez,5297
2748,Enjektör,5298
2749,Kanül,5299
2750,Bebek Islak Mendil,1001
2751,Bebek Bezi,1002
2752,Diğer Ek Besinler,2346
2753,Bebek Bisküvisi,2347
2754,"Bebek Suyu, Meyve Suyu ve Çayı",2348
2755,Bebek Çorbaları,2349
2756,Kavanoz Maması,2342
2757,Biberon Maması,2343
2758,Kaşık Maması,2344
2759,Devam Sütü,2345
2760,Bebek Sütü,3551
2761,Amfi,2932
2762,Banjo,2933
2763,Efekt Aletleri,2934
2764,Gitar,2935
2765,Gitar Aksesuarları,2936
2766,Gitar Parçaları,2937
2767,Gitar Teli,2938
2768,Mandalin,2939
2769,Ukulele,2940
2770,Pena,3645
2771,Obua,3478
2772,Korno,3479
2773,Tuba & Suzafon,3480
2774,Trombon,3481
2775,Kaval,3482
2776,Mey,3483
2777,Trompet&Kornet&Flugelhorn,3484
2778,Blok Flüt,3485
2779,Saksafon,3486
2780,Yan Flüt & Pikolo,3487
2781,Melodika,3488
2782,Ney,3489
2783,Klarnet,3490
2784,Mızıka,3491
2785,Akustik Düzenleme,2941
2786,DJ Urunleri,2942
2787,Mikrofon ve Aksesuarlar,2943
2788,PA Ekipmanı,2944
2789,Rack Sistemler,2945
2790,Sehpa & Stand,2946
2791,Studyo Mikseri,2947
2792,Ses Kabinleri,3664
2793,Kayıt Teknolojileri,3665
2794,Stüdyo Kulaklık,3666
2795,Akordiyon,3646
2796,Org,3648
2797,Baget,3667
2798,Zil,3668
2799,Def,3669
2800,Trampet,3670
2801,Perküsyon,3671
2802,Davul,3672
2803,Darbuka,3673
2804,Bateri,3674
2805,Kalimba,3675
2806,Kajon,3985
2807,Bendir,3986
2808,Conga,3987
2809,Kontrabas,3647
2810,Viyola,3649
2811,Elektro Yaylı Çalgı,3650
2812,Kemençe,3651
2813,Çello,3652
2814,Keman,3653
2815,Arşe,3682
2816,Kanun,3655
2817,Mandolin,3656
2818,Santur,3657
2819,Cümbüş,3658
2820,Ud,3659
2821,Bağlama,3661
2822,Metronom,3692
2823,Piyano Taburesi,3693
2824,Piyano Stantları,3694
2825,Piyano Pedalları,3695
2826,Yılbaşı Şapkası,3008
2827,Yılbaşı Ağacı,3009
2828,Yılbaşı Süsleri,3010
2829,Yılbaşı Seti,4477
2830,Kar Spreyi,4587
2831,Kına Örtüsü,4367
2832,Söz Dekoru,4368
2833,Söz Sepeti,4369
2834,Söz Tepsisi,4370
2835,Söz Hediyelik,4371
2836,Gelin Çiçeği,4384
2837,Kına Gecesi Seti,4385
2838,Kına Eğlence Aksesuarları,4387
2839,Kına Mumları,4388
2840,Çeyiz Kolisi,4389
2841,Hediyelik Kına,4390
2842,SH Kaydı Gerektiren Dronelar,5265
2843,SH Kaydı Gerektirmeyen Dronelar,5266
2844,RC Ekipmanları,4394
2845,RC Yedek Parçaları,4395
2846,RC İş Makineleri,4396
2847,RC Tır,4397
2848,RC Tank,4398
2849,RC Tren,4399
2850,RC Motosiklet,4400
2851,RC Helikopter,4401
2852,RC Tekne,4402
2853,RC Uçak,4403
2854,RC Araba,4404
2855,RC Araç Yakıtları,4586
2856,Puro Çakmağı,4680
2857,Pipo Çakmağı,4681
2858,Benzinli Çakmak,4682
2859,Klasik Çakmak,4683
2860,Ocak Çakmağı,4684
2861,Pipo,4100
2862,Pipo Aksesuarları,4101
2863,Pipo Temizleme Çubuğu,4686
2864,Tütün Saklama Kutusu,4687
2865,Pipo Setleri,4688
2866,Pipo Kaşığı,4689
2867,Pipo Sehpası,4690
2868,Pipo Filtresi,4691
2869,Pipo Küllüğü,4692
2870,Puro Kutusu,4712
2871,Puro Kılıfları,4713
2872,Puro Sehpası,4714
2873,Puro Kesici,4715
2874,Puro Bakımı,4716
2875,Puro Delici,4717
2876,Puro Küllüğü,4718
2877,Nargile,4733
2878,Nargile Aksesuarları,4734
2879,Sigara Tabakası,4736
2880,Sigara Ağızlığı,4737
2881,Sigara Ağızlığı Filtresi,4738
2882,Sigara & Cigarillo Kılıfı,4739
2883,Bilim Dergileri,1693
2884,Dergi Abonelikleri,1694
2885,Edebiyat Dergileri,1695
2886,Hukuk Dergileri,1696
2887,Kültür Dergileri,1697
2888,Sağlık Dergileri,1698
2889,Sanat Dergileri,1699
2890,Sinema & TV Dergileri,1700
2891,Tarih Dergileri,1701
2892,Yabancı Dil Dergileri,4092
2893,Çocuk Dergileri,4094
2894,Hobi Dergileri,4095
2895,Gençlik Dergileri,4096
2896,Dijital Dergiler,1702
2897,Araştırma Kitapları,1687
2898,Güncel - Genel Konular,1688
2899,Siyaset & İdeolojiler,1689
2900,Tarih,1690
2901,Bilim - Teknik - Mühendislik,1677
2902,Felsefe Kitabı,1678
2903,Hukuk Kitabı,1679
2904,İnceleme Kitabı,1680
2905,Kuram Kitabı,1681
2906,Tıp Kitabı,1682
2907,Bakım Kitabı,1722
2908,Beslenme Kitabı,1723
2909,Sağlık ve Alternatif Tıp,1726
2910,Spor Kitabı,1727
2911,Sahne Sanatları ve Tiyatro Kitabı,1732
2912,Sinema Kitabı,1733
2913,Aksesuar Kitapları,1659
2914,Astroloji,1660
2915,Çiçek & Bahçe Kitabı,1661
2916,El Sanatları,1662
2917,Evcil Hayvanlar,1663
2918,Fotoğrafçılık Kitabı,1664
2919,Kültür Kitabı,1665
2920,Moda Kitabı,1666
2921,Bulmaca Kitabı,1667
2922,Resim & Çizim Kitabı,1668
2923,Sanat & Mimari Kitabı,1670
2924,Sinema & Film Kitabı,1671
2925,Müzik Kitapları,2171
2926,İş Yönetimi,1646
2927,Medya & İletişim,1647
2928,Muhasebe & Finans,1648
2929,Reklam & Halkla İlişkiler,1649
2930,Ekonomi & İş Dünyası,2173
2931,Biyografi,1742
2932,Deneme - İnceleme,1743
2933,Dünya Edebiyatı,1745
2934,Söyleşi & Röportaj,1752
2935,Şiir,1753
2936,Türk Edebiyatı,1754
2937,Anı-Günlük-Seyahatname,2168
2938,Oto Kornalar,1978
2939,Reflektörler,1979
2940,Rüzgarlıklar,1980
2941,Silecekler & Aksesuarları,1981
2942,Bisiklet Taşıyıcı,3822
2943,Oto Branda & Güneşlik,4786
2944,Port Bagajı,5268
2945,Araç İçi Telefon Tutucu,1056
2946,Bluetooth Araç Kiti,1057
2947,Emniyet Kemeri ve Aksesuarları,1923
2948,Araç Vantilatörleri,1924
2949,Oto Bardaklık ve Isıtıcı,1925
2950,Oto Buzdolapları,1926
2951,Araç İçi Organizer,1927
2952,Oto Çöp Kovaları,1928
2953,Direksiyon Ürünleri,1929
2954,Kolçaklar,1930
2955,Koltuk Başlıkları,1931
2956,Oto Küllükler,1933
2957,Oto Paspasları,1936
2958,Torpido Aksesuarları,1937
2959,Sistem Kablo & Aksesuar,2226
2960,Araç İçi Şişme Yatak,4046
2961,Oto Koltuk Kılıf & Minder,4745
2962,Trafik & İlk Yardım Setleri,1966
2963,Yangın Söndürme Tüpleri,1967
2964,Alarm & Sensör & Merkezi Kilit,2225
2965,Oto Anahtarlık,1970
2966,Antifriz,1938
2967,Buğu Giderici,1939
2968,Buz Kazıyıcı,1940
2969,Buz Ürünleri,1941
2970,Cam Suları,1942
2971,Kışlık Set Ürünler,1943
2972,Lastik Zinciri,1945
2973,Yağmur Kaydırıcılar,1948
2974,Yağ ve Motor Katkıları,1968
2975,Yakıt Tasarruf Ürünleri,1969
2976,Enjektör Temizleyici,3896
2977,Bagaj Düzenleyici,1965
2978,Bagaj Havuzu,4522
2979,Jant & Jant Kapağı,1962
2980,Lastik,1963
2981,Lastik Bakım Ürünleri,1964
2982,Oto Lastik Bakım,4755
2983,Araç İçi Kameralar,1949
2984,Araç İçi Monitörler,1950
2985,Araç Takip Sistemleri,1951
2986,Arka Görüş Kameraları,1952
2987,Fm Transmitter Cihazları,1954
2988,Hazır Sistemler,1955
2989,Oto Hoparlör,1956
2990,Marine Ürünleri,1957
2991,Oto Teyp (Oto Mp3 Çalar),1959
2992,Teyp Çerçevesi,1960
2993,Usb-Sd Çevirici Modül,1961
2994,Multimedya&Görüntü Sistemleri,2227
2995,Oto Amfi,3631
2996,GPS & Navigasyon,1997
2997,Intercom,2719
2998,Ateşleme Sistemi,4103
2999,Yürüyen Aksam & Direksiyon,4104
3000,Kaporta,4105
3001,Filtre,4106
3002,Elektrik Aksam,4107
3003,Fren & Debriyaj,4108
3004,Mekanik Aksam,4109
3005,Motor Aksamı,4110
3006,Otomobil Ayna,4112
3007,LPG Ekipmanları,4113
3008,Akü Şarj Cihazı,4752
3009,Akü Takviye Kablosu,4753
3010,Akü,4754
3011,Oto Kokuları,1935
3012,Araç İçi Süpürge,4484
3013,Fren Balata Bakım Ürünleri,4731
3014,Oto Motor Temizleyici,4776
3015,Oto Döşeme Temizleyicileri,4777
3016,Oto Cam Temizleyici,4778
3017,Oto Far Temizleyici,4779
3018,Oto Şampuan,4780
3019,Klima Temizleyici,4781
3020,Oto Boya,4782
3021,Oto Bakım Seti,4783
3022,Oto Bez ve Sünger,4784
3023,Pasta Cila,4785
3024,Arma Sticker & Fosfor Şeritler,1973
3025,Egzoz Nikelajları,1977
3026,Oto Krom Aksesuar,3016
3027,Pandizodlar,3542
3028,Oto Antenleri,4179
3029,Oto Plakalık,4199
3030,Oto Spoiler,4789
3031,Oto Ön Izgara,4790
3032,Araç Body Kit,4791
3033,Oto Kaput Koruma,4792
3034,Oto Cam Filmi,5090
3035,Sürücü Ekipmanları,1986
3036,Motosiklet Çantaları,1990
3037,Motosiklet Aydınlatma Ürünleri,2178
3038,Motosiklet Ayak Destek Kitleri,2179
3039,Motosiklet Bağlama Ürünleri,2180
3040,Motosiklet Jant Şeritleri,2181
3041,Motosiklet Karter Korumaları,2182
3042,Motosiklet Lüzumlu Ürünler,2184
3043,Motosiklet Reflektif Ürünler,2185
3044,Motosiklet Sele Pedi (Airhawk),2186
3045,Motosiklet Teçhizat Tutucular,2187
3046,Motosiklet Smart Barlar,2712
3047,Motosiklet Anahtarlıkları,2713
3048,Motor Branda & Kılıflar,4748
3049,Kilitler & Alarmlar,1993
3050,Motosiklet Kornaları,1994
3051,Koruma Demirleri,1995
3052,Motosiklet Lastikleri,1996
3053,Rüzgar Siperlikleri,1998
3054,Motosiklet İlk Yardım Seti,2237
3055,Motosiklet El Korumaları,1992
3056,Motosiklet Kaskları,2005
3057,Motosiklet Bellik,2704
3058,Motosiklet Boyunluk,2705
3059,Motosiklet Dirseklik,2706
3060,Motosiklet Dizlik,2707
3061,Motosiklet Vücut Koruma,2708
3062,Motosiklet Sırtlıklar,2709
3063,Motosiklet Termal Giyim,1019
3064,Motosiklet Ayakkabı & Bot,2000
3065,Motosiklet Bandanalar,2002
3066,Motosiklet Eldivenleri,2003
3067,Motorcu Montu,2007
3068,Motorcu Pantolonu,2008
3069,Motorcu Yağmurluğu,2010
3070,Motorcu Yelekleri,2011
3071,Motorcu Tulumu,2716
3072,Maske & Balaklava,2717
3073,Tankpad & Stickerlar,1999
3074,Egzozlar,1991
3075,Motosiklet Grenajları,4114
3076,Motosiklet Ateşleme Sistemi,4117
3077,Motosiklet Cam & Ayna,4119
3078,Motosiklet Fren & Debriyaj,4121
3079,Motosiklet Motor Aksamı,4122
3080,Motosiklet Filtre,4123
3081,Motosiklet Ampülleri,4143
3082,Motosiklet Göstergeleri,4189
3083,Motosiklet Farları,4247
3084,Yazı Tahtası,2799
3085,Pano,2800
3086,Kalem Kutusu,812
3087,Tebeşir & Tahta Kalemi,1525
3088,CD & DVD Kalemleri,2785
3089,Fosforlu Kalemler,2786
3090,Kalem Uçları,2787
3091,Keçeli Kalemler,2788
3092,Kurşun Kalemler,2789
3093,Prestij ve Dolma Kalemler,2790
3094,Tükenmez Kalemler,2791
3095,Teknik Çizim Kalemi,2792
3096,Jel Mürekkepli Kalem,2836
3097,Uçlu Kalem,3467
3098,Pilot Kalem,3468
3099,Asetat Kalemi,3846
3100,Kaligrafi Kalemi,3874
3101,İmza Kalemi,3875
3102,Versatil Kalem,3877
3103,Kalemtıraş,3878
3104,Kalem Setleri,3879
3105,İğne Uçlu Kalem,3880
3106,Dolma Kalem,3881
3107,Ahşap Boyası,2024
3108,Akrilik Boya,2025
3109,Kuru Boya Kalemi,2026
3110,Pastel Boya,2027
3111,Yağlıboya,2028
3112,Sulu Boya,2029
3113,Guaj Boya,2030
3114,Cam Boyası,2031
3115,Ebru Boyası,2032
3116,Kumaş Boyası,2034
3117,Defterler,1520
3118,Resmi & Ticari Evraklar,2794
3119,Teknik & Özel Kağıtlar,2795
3120,Zarflar,2796
3121,Fotokopi ve Baskı Kağıtları,2797
3122,Not Kağıtları ve Bloknotlar,2798
3123,Planlayıcı,3413
3124,Ajanda,3414
3125,Fotoğraf Albümü,3862
3126,Kartpostal,3863
3127,Kitap Ayracı,3864
3128,Takvim,3865
3129,Termal Rulo,3866
3130,Fotoğraf Kağıdı,3867
3131,Asetat Kağıdı,3868
3132,Tebrik Kartı,3869
3133,Faks Kağıdı,3870
3134,Sürekli Form Kağıdı,3871
3135,Karbon Kağıdı,3872
3136,Mangallar,2610
3137,Mangal Aksesuarları,2611
3138,Piknik Seti,2612
3139,Odunlu Semaver,2613
3140,Kuzine ve Sobalar,3677
3141,Şömine,4382
3142,Hortum Bağlantıları,2640
3143,Hortum ve Toplama Ürünleri,2657
3144,Sulama Başlıkları,2658
3145,Fıskiyeler,2659
3146,Su Zamanlayıcı,2660
3147,Bahçe Muslukları,2661
3148,Bitki Sulama Kabı,4760
3149,Bahçe Aydınlatması,1040
3150,Bahçe Gizleme Ağları,2650
3151,Çitler,2651
3152,Dış Mekan Korunma,2652
3153,Bambu - Meşale,2653
3154,Bahçe Kovaları,2654
3155,Bahçe & Balkon Isıtma,2655
3156,Bahçe Yer Döşemeleri,2656
3157,Çim Biçme Makineleri,2596
3158,Çapa Makineleri,2597
3159,Zincirli Ağaç Kesme Makinesi,2598
3160,Tırpanlar,2599
3161,Su Motorları ve Pompalar,2600
3162,Çit Kesme Makineleri,2601
3163,Topiari & Çim Biçme Makasları,2602
3164,Bahçe Süpürücüleri,2603
3165,Hayvancılık Makineleri,2604
3166,Bahçe Traktörleri,2605
3167,Dal Budama Makineleri,2606
3168,Bahçe Makine Yağları,2608
3169,Bahçe Makine Aksesuarları,2609
3170,Meyve & Sebze Toplama Makinesi,3248
3171,Toprak Burgu Makinesi,3249
3172,Yaprak Toplama Üfleme Makinesi,3250
3173,Çim Havalandırma Makinesi,3251
3174,Sisleme İlaçlama Makinesi,3252
3175,Yaprak ve Dal Öğütme Makineler,4759
3176,Kenar Kesme Makinesi,5256
3177,Hediyelik Fidanlar,2614
3178,Saksı,2615
3179,Aşılı Güller,2616
3180,Teraryum & Sukulentler,2617
3181,Tıbbi Aromatik Bitkiler,2618
3182,Çiçek Soğanları,2619
3183,İç Mekan Bitkileri,2620
3184,Gübre,2621
3185,Hobi Bahçesi,2622
3186,Çiçekli Bodur Bitkiler,2623
3187,Dış Mekan Sarmaşık Bitkileri,2624
3188,Dış Mekan Ağaçları,2625
3189,Aşılı Meyve Fidanları,2626
3190,Fideler,2627
3191,Tohumlar,2628
3192,Torf ve Topraklar,2629
3193,Sera ve Sera Ekipmanları,2630
3194,Kaktüs,4730
3195,Bitki Besini ve Vitamin,5034
3196,Kırpma Makası,2631
3197,Bahçe El Aleti Setleri,2632
3198,Çim Çit Makası,2633
3199,Yedek Bıçaklar,2635
3200,Misinalar,2638
3201,Tırmık,2639
3202,Mala,2641
3203,Fide Dikici ve Sökücü,2642
3204,Budama Testeresi,2643
3205,Aşı Makası,2644
3206,Bahçe Eldiveni,2646
3207,El Çapası,2647
3208,Kazma Kürek ve Orak,2648
3209,Budama Makası,4761
3210,Havuz Dekorasyonu,2662
3211,Havuz Temizlik Malzemeleri,2663
3212,Havuz Kimyasalları,2664
3213,Havuz Temizlik Makineleri,2665
3214,Havuz Aydınlatma,2666
3215,Havuz Kenar Ekipmanları,2667
3216,Dezenfeksiyon Ürünleri,2668
3217,Havuz Isıtma Ekipmanları,2669
3218,Havuz Pompaları,2670
3219,Kaynak Makineleri,2470
3220,Ölçüm Cihazları,2471
3221,Polisaj Makinesi,2473
3222,Kanal Açma Makineleri,2474
3223,Planyalar,2475
3224,Havalı Aletler,2476
3225,Frezeler,2477
3226,Elektrikli Zımpara,2478
3227,Karot Makinaları,2479
3228,Taş Motorları,2480
3229,Yüksek Basınçlı Yıkama,2482
3230,Boya Tabancaları,2483
3231,Karıştırıcılar,2484
3232,Taşlamalar,2485
3233,Sıcak Hava Tabancaları,2486
3234,Saç ve Sünger Kesme,2487
3235,Hava Kompresörleri,2488
3236,Endüstriyel Temizleme,2489
3237,Ahşap & Metal Kesme,2490
3238,Matkaplar,2491
3239,Seramik Kesme Makineleri,2492
3240,Kaldırma Ekipmanları,2493
3241,Somun Sıkma Makineleri,2494
3242,Pafta Makinaları,2495
3243,Akülü Vidalama,2496
3244,Raspalar,2497
3245,Kırıcı Deliciler & Kırıcılar,2498
3246,Döşeme & Çivi & Zımba Çakma,2499
3247,Elektrikli Testereler,2500
3248,Tilki Kuyruğu,2501
3249,Hobi Makineleri ve Aksesuarları,3226
3250,Dekupaj Testere,3253
3251,Daire Testere,3254
3252,Elektrikli El Aleti Aküleri,3514
3253,Elektrikli El Aleti Aksesuar,4796
3254,Maket Bıçak,2503
3255,Yan Keski,2504
3256,Pense,2505
3257,Çekiç,2506
3258,Kargaburun,2507
3259,Kerpeten,2508
3260,Testere,2509
3261,Su Terazileri,2510
3262,Tornavida,2512
3263,İskarpelalar,2513
3264,Eğe Seti,2515
3265,Lehim & Havya,2516
3266,Anahtarlar,2517
3267,Lokma Takımı,3227
3268,Silikon Tabancası,3228
3269,Kablo Makarası,3229
3270,Çizim İpi,3230
3271,Gönye,3231
3272,İşkence Aleti,3232
3273,Perçin,3233
3274,Kesici Makas,3234
3275,Balta,3235
3276,Yassı Keski,3236
3277,El Zımparaları,3237
3278,Mengene,3238
3279,Kafa Lambası,3239
3280,İş Güvenlik Ürünleri,808
3281,"Vida, Çivi & Dübel",2527
3282,Profesyonel Temizlik Ürünleri,2528
3283,Takım Tezgah ve Panoları,2529
3284,Yapıştırıcı ve Bantlar,2530
3285,Derz Ürünleri,2531
3286,Oda Termostatı,2532
3287,Posta Kutuları,2533
3288,Mobilya Hırdavatı,2534
3289,Silikonlar,2535
3290,Kapı-Kapı Hırdavatı,2537
3291,Takım Çantaları & Avadanlıklar,2538
3292,Kutu ve Ambalaj Malzemeleri,2539
3293,Genel Bakım Spreyleri,2541
3294,Rötuş ve İşaretleme Kalemleri,2542
3295,Kapı Stoperleri,2544
3296,Akordiyon Kapı,2545
3297,Kapı-Pencere Bantları,2547
3298,Menfezler,2548
3299,Nem Alıcı,2549
3300,Rulmanlar,2550
3301,Sinek Perdeleri,2551
3302,Merdivenler,2552
3303,Doğalgaz Hortumu,2553
3304,Sanayi Tipi Fanlar,3262
3305,PVC Boru,3457
3306,Taşıma Arabaları,4758
3307,Madeni Yağdanlık,5211
3308,Kilitler,2555
3309,Güvenlik Cihazları,2556
3310,Çelik Para Kasası,2558
3311,Yangın Söndürücü,2559
3312,Güvenlik Cam Filmi,2560
3313,Seramik ve Yer Döşemeleri,2562
3314,Boya & Boya Malzemeleri,2563
3315,Yalıtım Malzemeleri,2564
3316,Duvar & Cephe Kaplama,2565
3317,Çelik Kapı,5016
3318,Panel Kapı,5017
3319,Duş Sistemleri,2570
3320,Banyo Askısı,2572
3321,Banyo Aynası,2573
3322,Ayna Etajeri,2574
3323,Banyo Tesisatı,2576
3324,Su Arıtma Cihazı,2959
3325,Duş Teknesi,3177
3326,Jakuzi,3178
3327,Küvet,3179
3328,Duşakabin,3180
3329,El Kurutma Makinesi,3456
3330,Klozet,3459
3331,Lavabo,3460
3332,Eviye,3461
3333,Klozet Kapağı,3462
3334,Pisuvar,3463
3335,Endüstriyel Hijyen Ürünleri,4124
3336,Duşakabin Aksesuarları,4480
3337,Bataryalar & Musluklar,4719
3338,Rezervuar,4757
3339,Ampul,932
3340,Kablo Klipsleri,2536
3341,Sigorta,3065
3342,Sigorta Kutuları,3066
3343,Armatür,4544
3344,Priz ve Anahtarlar,4545
3345,Elektrik Tesisat Kabloları,4551
3346,Kablo Kanalları,4552
3347,Buat Kutusu,4553
3348,Kablo Düzenleyici,4555
3349,Projektör,4556
3350,Solar Aydınlatma,4557
3351,Spot Lamba,4558
3352,Fiş,4559
3353,Priz Dönüştürücü,4560
3354,Enerji Kablosu,4561
3355,Haberleşme Kablosu,4562
3356,Kapı Zili,4563
3357,Diafonlar,4564
3358,Kapı Otomatiği,4565
3359,Duy,4566
3360,Transformatör,4567
3361,Balast,4568
3362,Grup Priz Uzatma Kabloları,4573
3363,Elektrik Tesisat Malzemeleri,4576
3364,Elektrik Borusu,4577
3365,Panel Radyatör,2540
3366,Tavan Vantilatörü,4020
3367,Havlupan,4728
3368,Endüstriyel Isıtıcı,4729
3369,Jenaratör,2578
3370,Güneş Paneli,4839
3371,Jel Akü,4840
3372,İnverter,4841
3373,Rüzgar Türbini,4842
3374,Hazır Enerji Sistemleri,4843
3375,Şarj Regülatörü,4844
3376,Kayak Ekipmanları,2081
3377,Kayak Kaskı,4617
3378,Kayak Eldiveni,4618
3379,Kayak Çantası,4619
3380,Kayak Gözlüğü,4620
3381,Kayak Batonu,4621
3382,Kayak Takımı,4622
3383,Kayak Bakım Malzemeleri,4624
3384,Snowboard Ekipmanları,1610
3385,Snowboard Bağlama,4625
3386,Snowboard Botu,4671
3387,Termos,900
3388,Ateşleyici & Çakmak,2072
3389,Kamp Mutfağı,2073
3390,Kamp Ocakları,2074
3391,Kamp Matarası,2075
3392,Mug,2076
3393,Soğutucu - Buzluk,2077
3394,Kamp Yemek Seti,3728
3395,Termal Çanta,5264
3396,Dürbün,1039
3397,Gps Cihazları & Aksesuarları,2057
3398,Lazer & Lazer Aksesuarları,2058
3399,Pusulalar,2059
3400,El Feneri,2060
3401,Dürbün & Teleskop Aksesuarları,2201
3402,Teleskop,3733
3403,Aksiyon Kamera Aksesuarları,5261
3404,Çadır,1034
3405,Çadır Brandası,2078
3406,Çadır Uyku Tulumu,2079
3407,Çadır Aksesuarları,2238
3408,Fotokapan Kamera,5283
3409,Plaj Voleybolu Seti,3726
3410,Plaj Voleybolu Filesi,3727
3411,Pilates Topu,3546
3412,Pilates Seti,3547
3413,Direnç Lastiği,3548
3414,Pilates Minder & Mat,3549
3415,Pilates Çemberi,3553
3416,Pilates Ekipmanları,3722
3417,Bosu Topu,3913
3418,Yoga Ekipmanları,3697
3419,Yoga Ayakkabısı,3698
3420,Yoga Minderi,3699
3421,Yoga Denge Aleti,3700
3422,Yoga Meditasyon Taburesi,3701
3423,Mat Çantası,3702
3424,Meditasyon Yatağı,3705
3425,Yoga Halkası,3706
3426,Yoga Tekerleği,3707
3427,Yoga Seti,3708
3428,Yoga Blok,3711
3429,Yoga Kemeri,3712
3430,Yoga Göz Bandı,3713
3431,Tekme Lapası,3753
3432,Kol Koruyucu,3754
3433,Okçu Bilekliği,4632
3434,Ok Çekme Lastikleri,4633
3435,Okçuluk Malzemeleri,4634
3436,Okçuluk Göğüs Koruyucu,4635
3437,Okçuluk Tetik,4636
3438,Okçuluk Parmaklık,4637
3439,Okçuluk Sadak,4638
3440,Okçuluk Kol Koruyucu,4640
3441,Insert ve Pinler,4641
3442,Okçuluk Arkalık,4642
3443,Ok Hazırlama Materyalleri,4643
3444,Ok Tüyü,4644
3445,Ok Gövdeleri,4645
3446,Hazır Oklar,4646
3447,Okçuluk Clicker,4648
3448,Yay Ayaklığı,4649
3449,Okçuluk Gripler,4650
3450,Okçuluk Basınç Düğmesi,4651
3451,Yay Kasaları,4652
3452,Ok Yatakları,4653
3453,Yay Bozma İpleri,4654
3454,Okçuluk Kirişler,4655
3455,Okçuluk Kablolar,4656
3456,Okçuluk Damper,4657
3457,V-Bar,4658
3458,Okçuluk Extender,4659
3459,Okçuluk Stabilizatör,4660
3460,Okçuluk Gez,4661
3461,Okçuluk Mercek,4662
3462,Okçuluk Arpacık,4663
3463,Okçuluk Nişangah,4664
3464,Çok Amaçlı Dolaplar,2131
3465,Hazır Mutfak Dolapları,2132
3466,Mutfak Rafları,2133
3467,Yanık Kremi,5213
3468,Yanık Örtüsü,5214
3469,Oto Branda,4787
3470,Oto Güneşlik Perde,4795
3471,Oto Koltuk Kılıfı,4746
3472,Oto Koltuk Minderi,4747
3473,Jant Kapağı,2906
3474,Jant,2907
3475,Araç Kompresörleri,4756
3476,Buji,4126
3477,Kızdırma Bujisi,4146
3478,Enjeksiyon,4182
3479,Ateşleme Beyni,4195
3480,Marş Sistemi,4254
3481,Distribütör Ekipmanları,4255
3482,Buji Kablosu,4258
3483,Ateşleme Bobini,4335
3484,Z Rot,4139
3485,Direksiyon Sistemi,4147
3486,Şaft Takozları,4184
3487,Aks Körük & Kafası,4193
3488,Kontak Kilidi,4196
3489,Rotil,4197
3490,Oto Kilometre Saati,4231
3491,Diferansiyel,4234
3492,Oto Salıncak,4235
3493,Oto Vites Ekipmanları,4262
3494,Teker Rulman Yatakları,4274
3495,Oto Burç,4285
3496,Süspansiyon,4291
3497,Rot Kolu,4303
3498,Viraj Demir Lastiği,4329
3499,Şanzıman Takozu,4336
3500,Porya,4342
3501,Rot Başı,4346
3502,Boya Ölçüm Cihazları,1947
3503,Oto Cam,4135
3504,Oto Amblem,4137
3505,Oto Kapı Kolları,4145
3506,Oto Karlıklar,4158
3507,Oto Paçalıklar,4167
3508,Bagaj Kilidi,4177
3509,Oto Tampon,4180
3510,Kaput Kilidi,4185
3511,Oto Direkleri,4198
3512,Marşpiyel,4200
3513,Karoser,4201
3514,Oto Civata Seti,4203
3515,Oto Bagaj Plastikleri,4217
3516,İç Açma Kolu,4218
3517,Oto Koruma Çıtası,4219
3518,Motor Kaputu,4241
3519,Bijon Saplaması,4251
3520,Çeki Demiri,4252
3521,Yakıt Deposu Ekipmanları,4261
3522,Germe Klavuzu,4263
3523,Oto Çamurluk,4269
3524,Oto Kapısı,4278
3525,Oto Ön Kaplama,4279
3526,Bagaj Kapağı,4281
3527,Oto Panjur Izgaraları,4284
3528,Oto Paneller,4324
3529,Oto Basamak Koruma Plastikleri,4327
3530,Oto Kilit,4333
3531,Kaporta Sacları,4334
3532,Oto Kapı Ekipmanları,4337
3533,Çamurluk Bakaliti,4343
3534,Oto Polen Filtreleri,4152
3535,Oto Yağ Filtreleri,4174
3536,Şanzıman Filtresi,4224
3537,Oto Hava Filtreleri,4308
3538,Oto Yakıt Filtreleri,4309
3539,Oto Filtre Setleri,4338
3540,Oto Sıcaklık Sensörü,4128
3541,Oto Gaz Teli,4136
3542,Oto Sinyalleri,4138
3543,Cam Suyu Bidonu,4141
3544,Oto Alternatör Rulmanı,4150
3545,Oto Su Tapası,4155
3546,Oto Kondansatör,4160
3547,Kilometre Teli,4164
3548,Oto Ampulleri,4166
3549,Cam Suyu Pompası,4169
3550,Silecek Kolu,4172
3551,Oto Lambası,4183
3552,Oto Cam Krikoları,4186
3553,Oto Alternatör,4202
3554,Oto Lambda Oksijen Sensörü,4204
3555,Oto Basınç Valfi,4206
3556,Oto Sigorta Kutuları,4207
3557,Oto Dış Isı Sensörü,4208
3558,Tevzi Makarası,4222
3559,Oto Kompresör,4226
3560,Oto Şalterler,4233
3561,Oto Ampul Setleri,4245
3562,Oto Basınç Sensörü,4256
3563,Oto Arıza Tespit Cihazları,4266
3564,Oto Basınç Konvertörü,4268
3565,Oto Stopları,4271
3566,Oto Farları,4272
3567,KM Hız Sensörü,4273
3568,Oto Basınç Regülatörü,4276
3569,Oto Röle,4280
3570,Oto Fanları,4282
3571,Oto Çakmak,4287
3572,Park Sensörü,4295
3573,Oto Müşürler,4301
3574,Oto Klima Fanları,4311
3575,Flaşör Düğmeleri,4313
3576,Silecek Motoru,4317
3577,Oto Su Flanşı,4326
3578,Oto Basınç Haznesi,4345
3579,Merkezi Kilit Beyni,4348
3580,Oto Isı Sensörleri,4352
3581,Oto Alternatör Kasnağı,4362
3582,Kaliper Tamir Takımı,4134
3583,Debriyaj Setleri,4165
3584,Oto Fren Merkez Aksesuarları,4192
3585,El Fren Teli,4205
3586,Fren Disk ve Kampanaları,4232
3587,Oto Pedal,4236
3588,Oto Aksesuar Seti,4253
3589,Fren Balataları,4296
3590,ABS Sensörü,4319
3591,Oto Pedal Lastiği,4330
3592,Oto Contalar,4129
3593,Oto Pervane,4133
3594,Şafta Burcu,4144
3595,Oto Zaman Saati,4151
3596,Torsiyon Burcu,4154
3597,Oto Amortisör Takozu,4171
3598,Şanzıman Yağı,4173
3599,Oto Somunlar,4181
3600,Pim Saplama,4187
3601,Torsiyon Tamir Takımı,4191
3602,Oto Stabilizör,4209
3603,Prizdirek Rulmanı,4210
3604,Oto Amortisörler,4211
3605,Mafsal Istavrozu,4212
3606,Travers Takozu,4223
3607,Manifold,4238
3608,Römork Taşıyıcısı,4239
3609,Oto Termostat,4242
3610,Oto Yaylar,4257
3611,Oto Termostat Gövdesi,4260
3612,Bagaj Amortisörleri,4265
3613,Oto Makas Burcu,4267
3614,Oto Hortumlar,4290
3615,Roll Körük,4292
3616,Oto Devir Sensörü,4293
3617,Şanzıman,4302
3618,Tekerlek Sensörü,4305
3619,Oto Tel Halat,4312
3620,Oto Subaplar,4320
3621,Oto Valf,4323
3622,Oto Termostat Contası,4325
3623,Oto Tapa,4344
3624,Rolanti Valfi,4347
3625,KM Teli,4354
3626,Oto Denge Kolu,4355
3627,Oto Bijon,4356
3628,Oto Enjektör,4130
3629,Oto Yağ Kapakları,4131
3630,Oto Pompa,4140
3631,Oto Devirdaim,4142
3632,Yağ Pompa Zinciri,4148
3633,V Kayışı,4149
3634,Segmanlar,4153
3635,Turbo Borusu,4161
3636,Oto Turbo,4162
3637,Yağ Soğutucu,4163
3638,V Kayış Seti,4170
3639,Pistonlar,4175
3640,Cam Ekipmanları,4178
3641,Hidrolik Deposu,4194
3642,Triger Seti,4213
3643,Oto Radyatör Ekipmanları,4214
3644,Oto Kalorifer Ekipmanları,4215
3645,Debimetre,4216
3646,Oto Dişliler,4221
3647,Volan Vidaları,4225
3648,EGR Valfi,4227
3649,Yağ Borusu,4229
3650,Karbüratör Flanşı,4237
3651,Oto Radyatör,4246
3652,Turbo Basınç Valfi,4248
3653,Triger Kayışı,4264
3654,Motor Kapağı,4270
3655,Egzoz Parçaları,4277
3656,Oto Ölçme Çubuğu,4289
3657,Motor Yatağı,4294
3658,Yağ Çubuk Bakaliti,4299
3659,Balans Kayışı,4304
3660,Motor Takozu,4307
3661,Konjektör,4314
3662,Karter,4316
3663,Eksantrik,4321
3664,Motor Keçesi,4322
3665,Yağ Tamir Takımı,4331
3666,Vuruntu Sensörü,4332
3667,Motor Beşiği,4340
3668,Hidrolik Filtre,4351
3669,Silindir Kapakları,4353
3670,Kranklar,4358
3671,Oto Termostat Kapağı,4360
3672,Turbo Basınç Sensörü,4361
3673,Oto Yan Ayna,4240
3674,Dikiz Aynası,4275
3675,Lpg Beyin Regülatör,4157
3676,Lpg Gösterge Aksesuarları,4168
3677,Lpg Filtreleri,4230
3678,Lpg Enjektörleri,4357
3679,Motosiklet Bacak&Bel Çantaları,2001
3680,Motorcu Sırt Çantaları,2009
3681,Motosiklet Branda,4749
3682,Motosiklet Sele Kılıfı,4750
3683,Motosiklet Elcikler,4132
3684,Motosiklet Takozu,4228
3685,Motosiklet Koruma Demiri,4297
3686,Motosiklet Grenaj Setleri,4328
3687,Motosiklet Karter Koruma,4339
3688,Motosiklet Bujisi,4188
3689,Motosiklet Ateşleme Bujisi,4244
3690,Motosiklet Buji Kablosu,4298
3691,Motosiklet Yan Ayna,4286
3692,Motosiklet Ön Cam Siperlik,4359
3693,Motosiklet Debriyaj Setleri,4243
3694,Motosiklet ABS Sensörü,4250
3695,Motosiklet Aksesuar Seti,4288
3696,Motosiklet Fren Ekipmanları,4349
3697,Motosiklet Zincirleri,4156
3698,Motosiklet Kayışları,4176
3699,Motosiklet Krankları,4249
3700,Motosiklet Contaları,4306
3701,Motosiklet Pistonları,4341
3702,Motosiklet Hava Filtreleri,4127
3703,Motosiklet Filtre Setleri,4190
3704,Motosiklet Yakıt Filtreleri,4283
3705,Motosiklet Yağ Filtreleri,4310
3706,Aksesuar Seti,4797
3707,Matkap Ucu,4798
3708,Zımpara Ucu,4799
3709,Daire Testere Bıçakları,4800
3710,Panter Testere Bıçakları,4801
3711,Freze Ucu,4802
3712,Dekupaj Testere Bıçakları,4803
3713,İş Güvenlik Seti,3469
3714,İş Ayakkabısı&Çizmesi,3470
3715,Baret,3471
3716,İş Eldiveni,3472
3717,İş Güvenliği Gözlük,3473
3718,İş Güvenliği Kulaklık,3474
3719,İş Güvenliği Maske,3475
3720,Maske Filtresi,3476
3721,İş Yağmurluğu&Montu,3477
3722,İş Güvenlik Tabelaları,3956
3723,İkaz Ürünleri,3957
3724,Uyarı ve Yönlendirme Levhaları,4026
3725,İş Güvenliği Elbisesi,4606
3726,Tavan Boyaları,3522
3727,Yalıtım Boyaları,3523
3728,Sprey Boyalar,3524
3729,Metal Boyaları,3525
3730,Astar Boyalar,3526
3731,Fırça ve Rulolar,3527
3732,Ahşap Boyaları&Vernik,3528
3733,Boya Hazırlık Malzemeleri,3529
3734,Boya İncelticiler&Çözücüler,3530
3735,İç Cephe Boyaları,4767
3736,Dış Cephe Boyaları,4768
3737,Ara Musluk,4720
3738,Banyo Bataryası,4721
3739,Lavabo Bataryası,4722
3740,Bide Bataryası,4723
3741,Eviye Bataryası,4724
3742,Pisuvar Musluğu,4725
3743,Musluk Başlığı,4726
3744,Priz,4546
3745,Lamba Anahtarı,4547
3746,Dimmer,4548
3747,Data Prizi,4549
3748,Nümeris,4550
3749,Priz ve Anahtar Setleri,4574
3750,Priz ve Anahtar Çerçeveleri,4575
